timestamp,call_bid,call_ask,put_bid,put_ask,future_bid,future_ask,historical_volatility,implied_volatility
2020/01/01 10:29:55.229,1.5,1.7,1.3,1.4,101,103,0.21,0.21 
2020/01/01 10:30:59.229,2.35,2.7,2.02,2.23,99,101,0.212,0.183 
2020/01/01 10:31:23.229,0.98,1.02,0.95,0.97,100,104,0.237,0.174
2020/01/01 10:31:46.229,3.24,3.56,2.98,3.06,99,101,0.212,0.199
2020/01/01 10:32:55.229,2.35,2.7,2.02,2.23,100,101,0.212,0.199
2020/01/01 10:33:00.229,0.98,1.02,0.95,0.97,98,100,0.212,0.199
2020/01/01 10:29:55.229,1.5,1.7,1.3,1.4,101,103,0.212,0.199 
2020/01/01 10:30:59.229,2.35,2.7,2.02,2.23,100,101,0.212,0.199
2020/01/01 10:31:23.229,0.98,1.02,0.95,0.97,98,100,0.212,0.199
2020/01/01 10:31:46.229,3.24,3.56,2.98,3.06,104,107,0.212,0.199
2020/01/01 10:32:55.229,2.35,2.7,2.02,2.23,100,101,0.212,0.199
2020/01/01 10:33:00.229,0.98,1.02,0.95,0.97,98,100,0.212,0.199
2020/01/01 10:29:55.229,1.5,1.7,1.3,1.4,101,103,0.212,0.199
2020/01/01 10:30:59.229,2.35,2.7,2.02,2.23,100,101,0.212,0.199
2020/01/01 10:31:23.229,0.98,1.02,0.95,0.97,98,100,0.212,0.199
2020/01/01 10:31:46.229,3.24,3.56,2.98,3.06,104,107,0.212,0.199
2020/01/01 10:32:55.229,2.35,2.7,2.02,2.23,100,101,0.212,0.199
2020/01/01 10:33:00.229,0.98,1.02,0.95,0.97,98,100,0.212,0.199
