idx,timestamp,action,delta_before,delta_after,delta_change,quantity_traded,PnL_closing_futures,PnL_closing_options,PnL_total
69,2020/05/12 09:21:49.714,SHORT START : NEUTRAL,,,,,,,
69,2020/05/12 09:21:49.714,sell,7.0353479294845656,0.035347929484565555,-7,7,-3.150000000008731,-195.0,-198.15000000000873
80,2020/05/12 09:22:44.773,buy,-0.5341651982806326,0.4658348017193674,1,1,-30.90000000000873,-115.0,-145.90000000000873
81,2020/05/12 09:22:49.904,sell,0.6592584602929605,-0.34074153970703946,-1,1,-26.650000000001455,-85.0,-111.65000000000146
82,2020/05/12 09:22:54.979,buy,-0.7549302636803503,0.24506973631964968,1,1,-47.15000000000873,65.0,17.84999999999127
96,2020/05/12 09:24:04.845,sell,1.0027818556902162,0.0027818556902161617,-1,1,-15.700000000004366,-35.0,-50.700000000004366
98,2020/05/12 09:24:14.811,buy,-0.6182665749571328,0.3817334250428672,1,1,-41.60000000000582,130.0,88.39999999999418
100,2020/05/12 09:24:24.604,sell,0.5456425275063239,-0.4543574724936761,-1,1,-50.69999999999709,110.0,59.30000000000291
107,2020/05/12 09:24:59.871,buy,-0.7348072978431688,0.2651927021568312,1,1,-53.60000000000582,125.0,71.39999999999418
131,2020/05/12 09:26:59.782,buy,-0.5423777228115583,0.45762227718844173,1,1,-95.5,230.0,134.5
150,2020/05/12 09:28:34.931,buy,-0.5071828072489168,0.49281719275108316,1,1,-134.20000000000437,380.0,245.79999999999563
152,2020/05/12 09:28:44.999,sell,0.78799526104401,-0.21200473895599004,-1,1,-131.20000000000437,255.0,123.79999999999563
156,2020/05/12 09:29:04.874,sell,0.5038711947462389,-0.49612880525376113,-1,1,-102.75,65.0,-37.75
164,2020/05/12 09:29:44.834,buy,-0.5251979239572719,0.47480207604272806,1,1,-99.15000000000873,305.0,205.84999999999127
170,2020/05/12 09:30:14.325,sell,0.5670132570323574,-0.4329867429676426,-1,1,-101.40000000000146,130.0,28.599999999998545
171,2020/05/12 09:30:19.823,buy,-0.5520039370030076,0.44799606299699235,1,1,-104.34999999999854,120.0,15.650000000001455
172,2020/05/12 09:30:24.814,sell,0.7887561230456939,-0.21124387695430613,-1,1,-94.70000000001164,-30.0,-124.70000000001164
178,2020/05/12 09:30:54.843,sell,0.9384137501199064,-0.061586249880093646,-1,1,-39.3500000000131,-290.0,-329.3500000000131
185,2020/05/12 09:31:29.969,buy,-0.5624884037361326,0.4375115962638674,1,1,-58.90000000000873,-265.0,-323.90000000000873
189,2020/05/12 09:31:49.333,sell,0.5421405609229808,-0.4578594390770192,-1,1,-61.45000000001164,-145.0,-206.45000000001164
190,2020/05/12 09:31:54.680,buy,-0.701663346692186,0.298336653307814,1,1,-68.30000000001746,-30.0,-98.30000000001746
192,2020/05/12 09:32:04.947,sell,0.5779929061058979,-0.42200709389410207,-1,1,-60.05000000000291,-30.0,-90.05000000000291
193,2020/05/12 09:32:09.985,buy,-0.6564230162201028,0.3435769837798972,1,1,-67.5,-50.0,-117.5
199,2020/05/12 09:32:39.518,sell,0.5394376649767239,-0.46056233502327615,-1,1,-67.05000000001019,-75.0,-142.0500000000102
200,2020/05/12 09:32:42.686,buy,-0.6121425483288476,0.3878574516711524,1,1,-68.25,-40.0,-108.25
223,2020/05/12 09:34:39.997,buy,-0.6099565153918434,0.39004348460815663,1,1,-119.65000000000873,45.0,-74.65000000000873
225,2020/05/12 09:34:49.475,sell,1.001295292650049,0.001295292650048907,-1,1,-99.80000000000291,-45.0,-144.8000000000029
230,2020/05/12 09:35:14.658,buy,-0.5948898964672011,0.40511010353279886,1,1,-122.30000000000291,-5.0,-127.30000000000291
234,2020/05/12 09:35:34.998,sell,0.7748999525423628,-0.22510004745763723,-1,1,-113.8500000000131,-45.0,-158.8500000000131
247,2020/05/12 09:36:39.697,sell,1.0500514214570913,0.050051421457091294,-1,1,-49.40000000001601,-510.0,-559.400000000016
257,2020/05/12 09:37:29.915,buy,-0.5267724341444122,0.4732275658555878,1,1,-76.45000000001164,-435.0,-511.45000000001164
262,2020/05/12 09:37:54.917,sell,0.7136953414291369,-0.28630465857086307,-1,1,-69.1000000000131,-470.0,-539.1000000000131
267,2020/05/12 09:38:19.894,buy,-0.5428529032494964,0.4571470967505036,1,1,-76.10000000000582,-450.0,-526.1000000000058
274,2020/05/12 09:38:54.611,sell,0.5443776921470516,-0.45562230785294844,-1,1,-83.90000000001601,-485.0,-568.900000000016
296,2020/05/12 09:40:43.405,buy,-0.5448267941872444,0.45517320581275555,1,1,-80.69999999999709,-535.0,-615.6999999999971
299,2020/05/12 09:40:59.990,sell,0.6182842990693302,-0.38171570093066975,-1,1,-84.45000000000437,-585.0,-669.4500000000044
301,2020/05/12 09:41:07.347,buy,-0.5243405183436991,0.4756594816563009,1,1,-84.10000000002037,-490.0,-574.1000000000204
308,2020/05/12 09:41:44.234,sell,0.5870031025068911,-0.41299689749310886,-1,1,-85.75000000001455,-500.0,-585.7500000000146
311,2020/05/12 09:41:59.903,buy,-0.6167353288781783,0.3832646711218217,1,1,-92.65000000000873,-395.0,-487.65000000000873
313,2020/05/12 09:42:09.554,sell,0.5556932690517655,-0.4443067309482345,-1,1,-90.70000000001164,-460.0,-550.7000000000116
319,2020/05/12 09:42:39.951,sell,0.6710678121500564,-0.3289321878499436,-1,1,-25.35000000000582,-735.0,-760.3500000000058
322,2020/05/12 09:42:54.910,buy,-0.5955161452580384,0.4044838547419616,1,1,-33.19999999999709,-720.0,-753.1999999999971
326,2020/05/12 09:43:14.864,sell,0.5102895963668885,-0.48971040363311147,-1,1,-40.95000000001164,-835.0,-875.9500000000116
328,2020/05/12 09:43:24.840,buy,-0.6475389579170212,0.3524610420829788,1,1,-39.84999999999127,-820.0,-859.8499999999913
347,2020/05/12 09:44:59.813,buy,-0.5518671386534209,0.44813286134657915,1,1,-91.40000000000873,-570.0,-661.4000000000087
348,2020/05/12 09:45:04.955,sell,0.6744657562233769,-0.3255342437766231,-1,1,-89.05000000001019,-630.0,-719.0500000000102
352,2020/05/12 09:45:24.669,buy,-0.5234728332243535,0.47652716677564655,1,1,-93.75,-555.0,-648.75
353,2020/05/12 09:45:29.834,sell,0.6765431447424177,-0.3234568552575823,-1,1,-93.34999999999854,-605.0,-698.3499999999985
361,2020/05/12 09:46:09.985,sell,0.6173627343888981,-0.3826372656111019,-1,1,-41.85000000000582,-800.0,-841.8500000000058
362,2020/05/12 09:46:14.953,buy,-0.5065282224709193,0.49347177752908067,1,1,-34.15000000000873,-790.0,-824.1500000000087
363,2020/05/12 09:46:19.916,sell,1.9711355355160123,-0.028864464483987717,-2,2,32.05000000000291,-1175.0,-1142.949999999997
369,2020/05/12 09:46:49.905,sell,0.5874968675954122,-0.4125031324045878,-1,1,76.65000000000873,-1225.0,-1148.3499999999913
377,2020/05/12 09:47:29.806,buy,-0.5040448838109413,0.49595511618905874,1,1,86.80000000000291,-1470.0,-1383.199999999997
378,2020/05/12 09:47:34.974,sell,0.7596022570042749,-0.24039774299572514,-1,1,91.80000000000291,-1375.0,-1283.199999999997
397,2020/05/12 09:49:09.984,sell,0.7627833038268008,-0.23721669617319918,-1,1,172.49999999998545,-1745.0,-1572.5000000000146
405,2020/05/12 09:49:49.753,buy,-0.5026110304383309,0.4973889695616691,1,1,173.84999999999127,-1800.0,-1626.1500000000087
406,2020/05/12 09:49:54.850,sell,0.7395606880541905,-0.2604393119458095,-1,1,171.95000000001164,-1860.0,-1688.0499999999884
413,2020/05/12 09:50:29.945,buy,-0.6405747655563232,0.3594252344436768,1,1,153.89999999999418,-1905.0,-1751.1000000000058
414,2020/05/12 09:50:34.967,sell,0.594231470422045,-0.40576852957795495,-1,1,160.14999999999418,-1945.0,-1784.8500000000058
423,2020/05/12 09:51:19.923,sell,0.5917751751324118,-0.40822482486758815,-1,1,263.75,-2455.0,-2191.25
426,2020/05/12 09:51:34.767,buy,-0.5483297802591807,0.45167021974081933,1,1,269.3000000000029,-2545.0,-2275.699999999997
427,2020/05/12 09:51:39.879,sell,0.6895099473994861,-0.3104900526005139,-1,1,272.20000000001164,-2585.0,-2312.7999999999884
428,2020/05/12 09:51:44.952,buy,-0.5535728377620828,0.44642716223791723,1,1,264.40000000000873,-2495.0,-2230.5999999999913
435,2020/05/12 09:52:19.896,sell,0.5708752681844516,-0.42912473181554844,-1,1,258.25000000001455,-2555.0,-2296.7499999999854
441,2020/05/12 09:52:49.999,sell,0.5664298355222641,-0.4335701644777359,-1,1,368.40000000000873,-2990.0,-2621.5999999999913
443,2020/05/12 09:52:59.815,buy,-0.614807335637714,0.38519266436228605,1,1,369.95000000001164,-3095.0,-2725.0499999999884
450,2020/05/12 09:53:34.350,sell,0.5454188757757876,-0.4545811242242124,-1,1,367.70000000001164,-3250.0,-2882.2999999999884
457,2020/05/12 09:54:09.852,buy,-0.6711876175711993,0.32881238242880073,1,1,363.8000000000029,-3160.0,-2796.199999999997
461,2020/05/12 09:54:29.901,sell,0.5934546971591246,-0.4065453028408754,-1,1,366.8500000000058,-3125.0,-2758.149999999994
470,2020/05/12 09:55:14.923,buy,-0.500424948562447,0.499575051437553,1,1,382.2000000000262,-3275.0,-2892.799999999974
480,2020/05/12 09:56:04.825,buy,-0.5150943396719327,0.48490566032806726,1,1,274.3500000000058,-2950.0,-2675.649999999994
495,2020/05/12 09:57:19.998,sell,0.5678908015034878,-0.4321091984965122,-1,1,252.7000000000262,-2650.0,-2397.299999999974
497,2020/05/12 09:57:29.755,buy,-0.5078380552690049,0.49216194473099506,1,1,264.1000000000204,-2690.0,-2425.8999999999796
502,2020/05/12 09:57:54.661,sell,0.5411565908824585,-0.4588434091175415,-1,1,247.20000000001164,-2650.0,-2402.7999999999884
513,2020/05/12 09:58:49.888,buy,-0.6039002303219121,0.3960997696780879,1,1,257.30000000001746,-2790.0,-2532.6999999999825
519,2020/05/12 09:59:19.993,sell,0.605068847812305,-0.39493115218769503,-1,1,252.7000000000262,-2740.0,-2487.299999999974
532,2020/05/12 10:00:24.817,sell,0.6216167005411961,-0.3783832994588039,-1,1,363.95000000001164,-3095.0,-2731.0499999999884
541,2020/05/12 10:01:09.903,sell,0.5001364908122241,-0.4998635091877759,-1,1,461.45000000001164,-3295.0,-2833.5499999999884
542,2020/05/12 10:01:14.938,buy,-0.7802400354088874,0.21975996459111258,1,1,445.30000000001746,-3205.0,-2759.6999999999825
553,2020/05/12 10:02:09.999,buy,-0.5050224526597162,0.49497754734028376,1,1,360.2000000000262,-3130.0,-2769.799999999974
555,2020/05/12 10:02:19.799,sell,0.5955259345532085,-0.40447406544679154,-1,1,353.25000000001455,-3165.0,-2811.7499999999854
557,2020/05/12 10:02:29.985,buy,-0.5241579419163571,0.4758420580836429,1,1,357.45000000001164,-3130.0,-2772.5499999999884
559,2020/05/12 10:02:39.929,sell,0.59398661360121,-0.40601338639879003,-1,1,349.75000000001455,-3130.0,-2780.2499999999854
569,2020/05/12 10:03:29.905,sell,0.5362513978797239,-0.46374860212027613,-1,1,457.1500000000233,-3320.0,-2862.8499999999767
570,2020/05/12 10:03:34.963,buy,-0.6884615694138176,0.31153843058618236,1,1,446.1500000000233,-3330.0,-2883.8499999999767
574,2020/05/12 10:03:54.945,sell,0.5690705568806393,-0.43092944311936066,-1,1,464.25,-3320.0,-2855.75
606,2020/05/12 10:06:34.997,sell,0.8086860643782288,-0.19131393562177124,-1,1,606.4000000000233,-3610.0,-3003.5999999999767
615,2020/05/12 10:07:19.823,buy,-0.5270157782410436,0.4729842217589564,1,1,578.8000000000175,-3415.0,-2836.1999999999825
618,2020/05/12 10:07:34.967,sell,0.5157706263756552,-0.4842293736243448,-1,1,557.6500000000233,-3450.0,-2892.3499999999767
620,2020/05/12 10:07:44.999,buy,-0.7378158785613493,0.26218412143865066,1,1,540.6000000000058,-3395.0,-2854.399999999994
633,2020/05/12 10:08:49.876,buy,-0.6399697932900068,0.3600302067099932,1,1,434.6000000000349,-3050.0,-2615.399999999965
640,2020/05/12 10:09:24.977,buy,-0.7217306740485014,0.27826932595149856,1,1,305.3500000000204,-2560.0,-2254.6499999999796
643,2020/05/12 10:09:39.968,sell,0.508298830331988,-0.49170116966801203,-1,1,313.8500000000204,-2585.0,-2271.1499999999796
650,2020/05/12 10:10:14.979,buy,-0.6916477423617806,0.3083522576382194,1,1,303.95000000001164,-2600.0,-2296.0499999999884
659,2020/05/12 10:10:59.878,buy,-0.5746063870964591,0.42539361290354094,1,1,204.50000000001455,-2320.0,-2115.4999999999854
660,2020/05/12 10:11:04.699,sell,0.704159983984205,-0.295840016015795,-1,1,218.7500000000291,-2360.0,-2141.249999999971
669,2020/05/12 10:11:49.728,buy,-0.6031392812014715,0.39686071879852847,1,1,199.15000000002328,-2240.0,-2040.8499999999767
670,2020/05/12 10:11:54.943,sell,0.6817442867648467,-0.31825571323515334,-1,1,212.7000000000262,-2310.0,-2097.299999999974
675,2020/05/12 10:12:19.857,buy,-0.7101205260927941,0.2898794739072059,1,1,179.4500000000262,-2065.0,-1885.5499999999738
682,2020/05/12 10:12:54.997,buy,-0.11379911741721571,10.886200882582784,11,11,145.20000000001164,-1790.0,-1644.7999999999884
682,2020/05/12 10:12:54.997,SHORT EXIT : NEG_SIGNAL,,,,,,,
685,2020/05/12 10:13:09.947,LONG START : NEUTRAL,,,,,,,
685,2020/05/12 10:13:09.947,buy,-8.927707673784347,0.07229232621565274,9,9,13.5,-230.0,-216.5
705,2020/05/12 10:14:49.624,sell,0.9212759106352877,-0.07872408936471231,-1,1,59.65000000000873,-450.0,-390.34999999999127
711,2020/05/12 10:15:19.767,buy,-0.6091005016354814,0.39089949836451865,1,1,19.25,-395.0,-375.75
727,2020/05/12 10:16:39.756,buy,-0.5064759506882766,0.49352404931172345,1,1,-55.25,-150.0,-205.25
734,2020/05/12 10:17:14.847,sell,0.8870591397945233,-0.11294086020547667,-1,1,-14.799999999988358,-65.0,-79.79999999998836
742,2020/05/12 10:17:54.790,sell,0.8494774173213173,-0.15052258267868268,-1,1,57.35000000002037,-400.0,-342.6499999999796
745,2020/05/12 10:18:09.933,sell,0.509146594128957,-0.490853405871043,-1,1,105.20000000001892,-720.0,-614.7999999999811
746,2020/05/12 10:18:14.926,buy,-0.5509088637381581,0.44909113626184194,1,1,96.35000000002037,-715.0,-618.6499999999796
747,2020/05/12 10:18:19.741,sell,0.5623235807025893,-0.43767641929741075,-1,1,105.2000000000262,-735.0,-629.7999999999738
751,2020/05/12 10:18:39.889,buy,-0.6147302386488533,0.38526976135114666,1,1,93.65000000002328,-845.0,-751.3499999999767
752,2020/05/12 10:18:44.923,sell,0.6350933252204172,-0.36490667477958283,-1,1,113.40000000003056,-850.0,-736.5999999999694
753,2020/05/12 10:18:49.984,buy,-0.5811314517597594,0.41886854824024056,1,1,94.10000000002765,-820.0,-725.8999999999724
756,2020/05/12 10:19:04.448,sell,0.9090524663594195,-0.0909475336405805,-1,1,132.00000000003638,-905.0,-772.9999999999636
760,2020/05/12 10:19:24.961,buy,-0.5877513721141767,0.4122486278858233,1,1,97.45000000003347,-795.0,-697.5499999999665
767,2020/05/12 10:19:59.829,sell,0.5311856556549586,-0.46881434434504143,-1,1,108.5000000000291,-690.0,-581.4999999999709
786,2020/05/12 10:21:34.992,buy,-0.6920896054727947,0.30791039452720526,1,1,90.65000000003783,-635.0,-544.3499999999622
821,2020/05/12 10:24:29.986,sell,0.6724824278605794,-0.32751757213942057,-1,1,118.40000000003783,-590.0,-471.59999999996217
837,2020/05/12 10:25:49.828,sell,0.73797382655993,-0.26202617344006995,-1,1,181.55000000003201,-1130.0,-948.449999999968
850,2020/05/12 10:26:54.982,sell,0.516515816010326,-0.48348418398967397,-1,1,223.15000000003056,-1380.0,-1156.8499999999694
851,2020/05/12 10:26:59.887,buy,-0.6321760380636121,0.3678239619363879,1,1,212.2500000000291,-1340.0,-1127.749999999971
852,2020/05/12 10:27:04.919,sell,0.6599403536511517,-0.34005964634884833,-1,1,230.7500000000291,-1450.0,-1219.249999999971
853,2020/05/12 10:27:09.940,buy,-0.532651073762068,0.467348926237932,1,1,217.35000000002765,-1485.0,-1267.6499999999724
861,2020/05/12 10:27:49.790,buy,-0.5414639486142008,0.4585360513857992,1,1,165.15000000003056,-1195.0,-1029.8499999999694
862,2020/05/12 10:27:54.673,sell,0.7676730904778211,-0.23232690952217894,-1,1,188.50000000002183,-1270.0,-1081.4999999999782
864,2020/05/12 10:28:04.964,buy,-0.6074873250288277,0.39251267497117226,1,1,163.10000000002765,-1165.0,-1001.8999999999724
865,2020/05/12 10:28:09.527,sell,0.5383144012237935,-0.4616855987762065,-1,1,176.35000000002037,-1235.0,-1058.6499999999796
883,2020/05/12 10:29:39.581,buy,-0.6062423470153107,0.39375765298468934,1,1,165.4500000000262,-1150.0,-984.5499999999738
885,2020/05/12 10:29:49.970,sell,0.5440959675145578,-0.4559040324854422,-1,1,177.40000000002328,-1245.0,-1067.5999999999767
893,2020/05/12 10:30:29.907,sell,0.6887577782958232,-0.3112422217041768,-1,1,231.30000000002474,-1465.0,-1233.6999999999753
907,2020/05/12 10:31:39.917,buy,-0.7323891668394111,0.26761083316058887,1,1,211.20000000001892,-1360.0,-1148.799999999981
920,2020/05/12 10:32:44.393,buy,-0.5200022011176699,0.4799977988823301,1,1,170.9500000000262,-1055.0,-884.0499999999738
938,2020/05/12 10:34:14.888,buy,-0.5729843436573532,0.4270156563426468,1,1,105.40000000003783,-560.0,-454.59999999996217
945,2020/05/12 10:34:49.721,sell,0.926862985189473,-7.073137014810527,-8,8,131.7000000000262,-605.0,-473.2999999999738
945,2020/05/12 10:34:49.721,LONG EXIT : SQR_OFF,,,,,,,
950,2020/05/12 10:35:14.919,SHORT START : NEUTRAL,,,,,,,
950,2020/05/12 10:35:14.919,sell,8.068391180026936,0.06839118002693567,-8,8,-5.2000000000116415,-145.0,-150.20000000001164
957,2020/05/12 10:35:49.993,buy,-0.5418352372473478,0.45816476275265217,1,1,-34.80000000001746,-110.0,-144.80000000001746
971,2020/05/12 10:36:59.941,buy,-0.5707495541417344,0.42925044585826555,1,1,-105.30000000000291,395.0,289.6999999999971
972,2020/05/12 10:37:04.961,sell,0.5943715346045906,-0.4056284653954094,-1,1,-104.45000000000437,295.0,190.54999999999563
973,2020/05/12 10:37:09.523,buy,-0.5108300801710541,0.48916991982894586,1,1,-104.30000000000291,305.0,200.6999999999971
974,2020/05/12 10:37:14.870,sell,0.5908263263473899,-0.40917367365261015,-1,1,-101.40000000000146,280.0,178.59999999999854
975,2020/05/12 10:37:19.415,buy,-0.5195287927953345,0.4804712072046655,1,1,-103.85000000000582,385.0,281.1499999999942
976,2020/05/12 10:37:24.989,sell,0.7107604310993523,-0.2892395689006477,-1,1,-98.70000000000437,255.0,156.29999999999563
990,2020/05/12 10:38:34.863,sell,0.5022103309393628,-0.49778966906063715,-1,1,-53.95000000001164,95.0,41.04999999998836
1009,2020/05/12 10:40:09.923,sell,0.6981365785971221,-0.3018634214028779,-1,1,25.64999999999418,-150.0,-124.35000000000582
1021,2020/05/12 10:41:09.934,buy,-0.5234264009402452,0.4765735990597548,1,1,23.14999999999418,-235.0,-211.85000000000582
1023,2020/05/12 10:41:19.801,sell,0.5858677663704555,-0.41413223362954454,-1,1,14.64999999999418,-160.0,-145.35000000000582
1028,2020/05/12 10:41:44.898,buy,-0.7258799094744859,0.2741200905255141,1,1,4.94999999999709,-250.0,-245.0500000000029
1030,2020/05/12 10:41:54.710,sell,0.5291989553136176,-0.4708010446863824,-1,1,6.7999999999883585,-300.0,-293.20000000001164
1032,2020/05/12 10:42:04.815,buy,-0.5135260091553704,0.4864739908446296,1,1,24.699999999982538,-355.0,-330.30000000001746
1033,2020/05/12 10:42:09.363,sell,0.7403637796956062,-0.2596362203043938,-1,1,25.59999999999127,-335.0,-309.40000000000873
1036,2020/05/12 10:42:24.651,buy,-0.5809109415251257,0.4190890584748743,1,1,8.599999999991269,-220.0,-211.40000000000873
1037,2020/05/12 10:42:29.664,sell,0.5651039562326545,-0.4348960437673455,-1,1,7.399999999994179,-265.0,-257.6000000000058
1038,2020/05/12 10:42:34.696,buy,-0.5716815276281011,0.4283184723718989,1,1,6.099999999991269,-240.0,-233.90000000000873
1044,2020/05/12 10:43:03.966,sell,0.7498820966248516,-0.2501179033751484,-1,1,17.09999999999127,-280.0,-262.90000000000873
1049,2020/05/12 10:43:29.656,buy,-0.509761284473079,0.490238715526921,1,1,11.549999999988358,-290.0,-278.45000000001164
1050,2020/05/12 10:43:34.973,sell,0.5663956783008928,-0.43360432169910723,-1,1,8.19999999999709,-270.0,-261.8000000000029
1055,2020/05/12 10:43:59.869,buy,-0.641675061286314,0.358324938713686,1,1,-2.650000000008731,-215.0,-217.65000000000873
1056,2020/05/12 10:44:04.990,sell,0.5410295939452041,-0.4589704060547959,-1,1,-7.600000000020373,-265.0,-272.6000000000204
1057,2020/05/12 10:44:09.640,buy,-0.5921165383851132,0.40788346161488676,1,1,-5.250000000014552,-235.0,-240.25000000001455
1058,2020/05/12 10:44:14.601,sell,0.5508975638502562,-0.44910243614974377,-1,1,-5.5,-220.0,-225.5
1102,2020/05/12 10:47:54.651,buy,-0.5044251103802253,0.4955748896197747,1,1,-1.6500000000087311,-65.0,-66.65000000000873
1103,2020/05/12 10:47:59.792,sell,0.5500476289773886,-0.44995237102261143,-1,1,-4.399999999994179,-100.0,-104.39999999999418
1104,2020/05/12 10:48:03.963,buy,-0.5148210541704898,0.48517894582951016,1,1,-4.400000000008731,-55.0,-59.40000000000873
1110,2020/05/12 10:48:34.951,buy,-0.11564304869498443,7.884356951305016,8,8,-24.199999999982538,235.0,210.80000000001746
1110,2020/05/12 10:48:34.951,SHORT EXIT : SQR_OFF,,,,,,,
1115,2020/05/12 10:48:59.989,LONG START : NEUTRAL,,,,,,,
1115,2020/05/12 10:48:59.989,buy,-7.717862204077427,0.2821377959225728,8,8,10.0,-170.0,-160.0
1122,2020/05/12 10:49:34.972,sell,0.6015888076079108,-0.3984111923920892,-1,1,22.04999999998836,-435.0,-412.95000000001164
1123,2020/05/12 10:49:39.992,buy,-0.687178546229724,0.31282145377027604,1,1,-3.400000000001455,-270.0,-273.40000000000146
1124,2020/05/12 10:49:44.714,sell,0.556227753131509,-0.44377224686849104,-1,1,15.650000000008731,-295.0,-279.34999999999127
1127,2020/05/12 10:49:59.844,buy,-0.645249665978568,0.35475033402143197,1,1,1.1500000000014552,-260.0,-258.84999999999854
1133,2020/05/12 10:50:29.925,sell,0.5998972979763479,-0.40010270202365206,-1,1,20.40000000000873,-335.0,-314.59999999999127
1135,2020/05/12 10:50:39.946,buy,-0.688823132295667,0.31117686770433295,1,1,-1.1499999999941792,-240.0,-241.14999999999418
1172,2020/05/12 10:53:44.958,sell,0.5838870914777203,-0.41611290852227967,-1,1,20.000000000014552,-265.0,-244.99999999998545
1177,2020/05/12 10:54:09.884,buy,-0.5586636599387589,0.4413363400612411,1,1,7.350000000013097,-190.0,-182.6499999999869
1182,2020/05/12 10:54:32.027,sell,0.5785696628525372,-0.4214303371474628,-1,1,20.45000000001164,-275.0,-254.54999999998836
1186,2020/05/12 10:54:54.880,buy,-0.582032318647073,0.41796768135292695,1,1,4.250000000007276,-250.0,-245.74999999999272
1191,2020/05/12 10:55:19.969,sell,0.5459954868819992,-0.45400451311800083,-1,1,20.050000000017462,-255.0,-234.94999999998254
1203,2020/05/12 10:56:19.102,sell,0.5680225140699946,-0.4319774859300054,-1,1,78.15000000000873,-535.0,-456.84999999999127
1204,2020/05/12 10:56:24.959,buy,-0.8388075588049588,0.16119244119504117,1,1,53.45000000001164,-405.0,-351.54999999998836
1220,2020/05/12 10:57:44.637,buy,-0.5066503800786322,0.49334961992136783,1,1,12.800000000010186,-210.0,-197.1999999999898
1221,2020/05/12 10:57:49.980,sell,0.5964690291245631,-0.4035309708754369,-1,1,25.95000000001164,-250.0,-224.04999999998836
1222,2020/05/12 10:57:54.904,buy,-0.5681875339154061,0.4318124660845939,1,1,9.100000000020373,-145.0,-135.89999999997963
1233,2020/05/12 10:58:49.995,sell,0.615130213797471,-0.384869786202529,-1,1,27.90000000000873,-240.0,-212.09999999999127
1236,2020/05/12 10:59:04.756,buy,-0.5858966393921818,0.41410336060781816,1,1,5.9500000000116415,-195.0,-189.04999999998836
1239,2020/05/12 10:59:19.783,sell,0.5429142814942978,-0.45708571850570223,-1,1,23.000000000029104,-220.0,-196.9999999999709
1242,2020/05/12 10:59:34.936,buy,-0.6803413238037308,0.3196586761962692,1,1,1.400000000023283,-125.0,-123.59999999997672
1260,2020/05/12 11:01:04.903,sell,0.5383889170201783,-0.4616110829798217,-1,1,21.600000000013097,-115.0,-93.3999999999869
1261,2020/05/12 11:01:09.982,buy,-0.5939411061605071,0.4060588938394929,1,1,8.750000000014552,-105.0,-96.24999999998545
1283,2020/05/12 11:02:59.696,buy,-0.500586577083439,0.499413422916561,1,1,-55.19999999998254,40.0,-15.199999999982538
1284,2020/05/12 11:03:04.988,sell,0.6063025016340404,-0.3936974983659596,-1,1,-40.44999999998254,-55.0,-95.44999999998254
1297,2020/05/12 11:04:09.779,sell,0.5109131156175977,-0.48908688438240233,-1,1,21.000000000014552,-195.0,-173.99999999998545
1298,2020/05/12 11:04:14.786,buy,-0.5363275889890033,0.46367241101099665,1,1,7.650000000023283,-190.0,-182.34999999997672
1305,2020/05/12 11:04:49.905,sell,0.9113487114691665,-0.08865128853083348,-1,1,45.550000000010186,-265.0,-219.4499999999898
1314,2020/05/12 11:05:34.962,buy,-0.5180245855277334,0.48197541447226655,1,1,11.100000000013097,-105.0,-93.8999999999869
1315,2020/05/12 11:05:39.830,sell,0.5270592118431523,-0.4729407881568477,-1,1,22.650000000001455,-145.0,-122.34999999999854
1318,2020/05/12 11:05:53.869,buy,-0.5855736366326667,0.4144263633673333,1,1,8.85000000000582,-150.0,-141.14999999999418
1321,2020/05/12 11:06:09.477,sell,0.5045853683799422,-0.49541463162005783,-1,1,21.800000000017462,-155.0,-133.19999999998254
1322,2020/05/12 11:06:14.723,buy,-0.7335640138560606,0.2664359861439394,1,1,-1.2999999999738066,-120.0,-121.2999999999738
1366,2020/05/12 11:09:54.810,buy,-0.9158382628142832,0.08416173718571685,1,1,-81.29999999999563,-40.0,-121.29999999999563
1386,2020/05/12 11:11:34.976,sell,0.629211974170623,-0.370788025829377,-1,1,-37.84999999999127,-115.0,-152.84999999999127
1390,2020/05/12 11:11:54.822,buy,-0.6345705214304402,0.36542947856955976,1,1,-59.59999999999127,10.0,-49.59999999999127
1390,2020/05/12 11:11:54.822,sell,0.36542947856955976,-8.63457052143044,-9,9,-61.69999999999709,10.0,-51.69999999999709
1390,2020/05/12 11:11:54.822,LONG EXIT : RESPONSE EXIT_L,,,,,,,
1443,2020/05/12 11:16:19.561,SHORT START : NEUTRAL,,,,,,,
1443,2020/05/12 11:16:19.561,sell,7.9887474129015885,-0.011252587098411482,-8,8,-4.0,-170.0,-174.0
1448,2020/05/12 11:16:44.607,buy,-0.6289145271307319,0.3710854728692681,1,1,-38.34999999999127,-55.0,-93.34999999999127
1454,2020/05/12 11:17:13.069,sell,0.627091199872126,-0.372908800127874,-1,1,-33.90000000000873,-130.0,-163.90000000000873
1465,2020/05/12 11:18:09.820,buy,-0.6039660212817495,0.3960339787182505,1,1,-40.10000000000582,-50.0,-90.10000000000582
1472,2020/05/12 11:18:44.979,sell,0.7510031534924906,-0.24899684650750942,-1,1,-29.25,-185.0,-214.25
1479,2020/05/12 11:19:19.660,buy,-0.5509043408424432,0.4490956591575568,1,1,-35.75000000001455,-145.0,-180.75000000001455
1482,2020/05/12 11:19:34.997,sell,0.6545641478192223,-0.34543585218077766,-1,1,-44.00000000001455,-200.0,-244.00000000001455
1483,2020/05/12 11:19:39.999,buy,-0.520499983613071,0.47950001638692896,1,1,-43.90000000000873,-105.0,-148.90000000000873
1484,2020/05/12 11:19:44.901,sell,0.7004538074596454,-0.29954619254035464,-1,1,-41.05000000000291,-190.0,-231.0500000000029
1513,2020/05/12 11:22:09.835,sell,0.6988970709405464,-0.3011029290594536,-1,1,24.5,-235.0,-210.5
1561,2020/05/12 11:26:08.549,buy,-0.624578951901114,0.375421048098886,1,1,11.099999999991269,-295.0,-283.90000000000873
1562,2020/05/12 11:26:14.887,sell,0.6871404734997242,-0.3128595265002758,-1,1,22.19999999999709,-350.0,-327.8000000000029
1598,2020/05/12 11:29:14.740,sell,0.5271344660995823,-0.47286553390041774,-1,1,87.44999999999709,-545.0,-457.5500000000029
1599,2020/05/12 11:29:19.960,buy,-0.5011510058329378,0.4988489941670622,1,1,96.94999999999709,-585.0,-488.0500000000029
1600,2020/05/12 11:29:24.864,sell,0.895984341083242,-0.10401565891675801,-1,1,111.84999999999127,-705.0,-593.1500000000087
1636,2020/05/12 11:32:24.599,sell,0.6217509908434096,-0.37824900915659043,-1,1,173.14999999999418,-975.0,-801.8500000000058
1645,2020/05/12 11:33:09.621,sell,0.5065747337601962,-0.49342526623980376,-1,1,257.99999999998545,-1245.0,-987.0000000000146
1646,2020/05/12 11:33:14.619,buy,-0.5350491430406592,0.4649508569593408,1,1,265.84999999999127,-1245.0,-979.1500000000087
1647,2020/05/12 11:33:19.937,sell,0.5887321975453546,-0.41126780245464545,-1,1,263.24999999998545,-1285.0,-1021.7500000000146
1649,2020/05/12 11:33:29.909,buy,-0.5022568142132684,0.4977431857867316,1,1,270.3999999999942,-1220.0,-949.6000000000058
1652,2020/05/12 11:33:44.965,sell,0.5849830381055483,-0.4150169618944517,-1,1,266.0,-1320.0,-1054.0
1656,2020/05/12 11:34:04.553,buy,-0.703304398003354,0.296695601996646,1,1,251.70000000001164,-1210.0,-958.2999999999884
1660,2020/05/12 11:34:24.889,sell,0.6022198866604356,-0.3977801133395644,-1,1,266.04999999998836,-1215.0,-948.9500000000116
1682,2020/05/12 11:36:14.887,sell,0.6597714020478165,-0.3402285979521835,-1,1,376.0500000000029,-1545.0,-1168.949999999997
1683,2020/05/12 11:36:19.882,buy,-0.5737126259741743,0.4262873740258257,1,1,363.80000000001746,-1490.0,-1126.1999999999825
1685,2020/05/12 11:36:29.984,sell,0.5458561585961945,-0.4541438414038055,-1,1,357.3000000000029,-1535.0,-1177.699999999997
1686,2020/05/12 11:36:34.974,buy,-0.5714158900703978,0.42858410992960216,1,1,365.5,-1505.0,-1139.5
1693,2020/05/12 11:37:09.864,sell,0.5289830130408859,-0.4710169869591141,-1,1,358.40000000000873,-1525.0,-1166.5999999999913
1694,2020/05/12 11:37:14.969,buy,-0.5152580164872731,0.4847419835127269,1,1,366.0500000000029,-1550.0,-1183.949999999997
1706,2020/05/12 11:38:14.988,buy,-0.5079018374671804,0.49209816253281957,1,1,267.95000000001164,-1305.0,-1037.0499999999884
1709,2020/05/12 11:38:29.975,sell,0.684163696341777,-0.315836303658223,-1,1,258.4500000000262,-1340.0,-1081.5499999999738
1715,2020/05/12 11:38:59.814,buy,-0.6998707019448673,0.30012929805513267,1,1,241.90000000002328,-1180.0,-938.0999999999767
1722,2020/05/12 11:39:34.297,sell,0.5068324406045193,-0.49316755939548074,-1,1,245.20000000004075,-1280.0,-1034.7999999999593
1752,2020/05/12 11:42:04.980,buy,-0.502182548483745,0.497817451516255,1,1,257.7000000000262,-1200.0,-942.2999999999738
1753,2020/05/12 11:42:09.086,sell,0.5156461389469555,-0.48435386105304445,-1,1,242.20000000004075,-1155.0,-912.7999999999593
1754,2020/05/12 11:42:14.970,buy,-0.5887522240160976,0.4112477759839024,1,1,244.05000000003201,-1105.0,-860.949999999968
1758,2020/05/12 11:42:34.924,sell,0.5096321117509746,-0.49036788824902544,-1,1,232.2000000000262,-1130.0,-897.7999999999738
1760,2020/05/12 11:42:44.559,buy,-0.527518315354051,0.472481684645949,1,1,244.90000000002328,-1160.0,-915.0999999999767
1762,2020/05/12 11:42:54.849,sell,0.7833562156426339,-0.2166437843573661,-1,1,257.25000000004366,-1250.0,-992.7499999999563
1785,2020/05/12 11:44:49.494,sell,0.560843382194335,-0.43915661780566495,-1,1,350.3500000000349,-1605.0,-1254.649999999965
1786,2020/05/12 11:44:53.419,buy,-0.6362368083616019,0.3637631916383981,1,1,339.75000000004366,-1585.0,-1245.2499999999563
1787,2020/05/12 11:44:59.788,sell,0.5909148241208584,-0.4090851758791416,-1,1,352.6000000000349,-1620.0,-1267.399999999965
1790,2020/05/12 11:45:14.892,buy,-0.5932012610898596,0.4067987389101404,1,1,345.25000000004366,-1610.0,-1264.7499999999563
1799,2020/05/12 11:45:59.745,buy,-0.5327998190785195,0.4672001809214805,1,1,241.5000000000291,-1395.0,-1153.499999999971
1800,2020/05/12 11:46:04.977,sell,0.77015974360679,-0.22984025639321004,-1,1,255.00000000004366,-1460.0,-1204.9999999999563
1809,2020/05/12 11:46:49.919,buy,-0.5074475517181867,0.4925524482818133,1,1,244.35000000003492,-1370.0,-1125.649999999965
1810,2020/05/12 11:46:54.539,sell,0.5221440938220496,-0.4778559061779504,-1,1,233.60000000003492,-1420.0,-1186.399999999965
1811,2020/05/12 11:46:59.986,buy,-0.5090018142387294,0.49099818576127063,1,1,245.65000000003783,-1370.0,-1124.3499999999622
1812,2020/05/12 11:47:04.888,sell,0.5220637944941942,-0.47793620550580584,-1,1,229.2500000000291,-1345.0,-1115.749999999971
1834,2020/05/12 11:48:54.987,sell,0.7053459203502115,-0.2946540796497885,-1,1,359.050000000032,-1730.0,-1370.949999999968
1835,2020/05/12 11:48:59.889,buy,-0.6172901075394464,0.38270989246055365,1,1,331.8500000000495,-1650.0,-1318.1499999999505
1836,2020/05/12 11:49:04.997,sell,0.5458389334855838,-0.45416106651441623,-1,1,329.1500000000233,-1695.0,-1365.8499999999767
1837,2020/05/12 11:49:09.919,buy,-0.5885061760069732,0.4114938239930268,1,1,335.95000000004075,-1655.0,-1319.0499999999593
1838,2020/05/12 11:49:14.979,sell,0.6054378375844962,-0.3945621624155038,-1,1,340.20000000001164,-1705.0,-1364.7999999999884
1842,2020/05/12 11:49:34.803,buy,-0.507407490538931,0.49259250946106903,1,1,346.90000000003783,-1715.0,-1368.0999999999622
1847,2020/05/12 11:49:59.978,sell,0.6849219139227216,-0.3150780860772784,-1,1,351.30000000001746,-1825.0,-1473.6999999999825
1860,2020/05/12 11:51:04.595,buy,-0.6080645987775313,0.3919354012224687,1,1,328.00000000001455,-1800.0,-1471.9999999999854
1894,2020/05/12 11:53:54.936,sell,0.5005153726274187,-0.49948462737258126,-1,1,322.8500000000058,-1770.0,-1447.1499999999942
1905,2020/05/12 11:54:49.927,buy,-0.7823922561968999,0.2176077438031001,1,1,310.45000000001164,-1685.0,-1374.5499999999884
1910,2020/05/12 11:55:14.900,sell,0.6059815594950848,-0.3940184405049152,-1,1,331.90000000000873,-1710.0,-1378.0999999999913
1911,2020/05/12 11:55:19.959,buy,-0.5435154717034365,0.4564845282965635,1,1,328.84999999999127,-1720.0,-1391.1500000000087
1916,2020/05/12 11:55:44.643,sell,0.5191997404448756,-0.4808002595551244,-1,1,322.00000000001455,-1705.0,-1382.9999999999854
1917,2020/05/12 11:55:49.831,buy,-0.503997325370122,0.496002674629878,1,1,326.84999999999127,-1665.0,-1338.1500000000087
1918,2020/05/12 11:55:54.333,sell,0.6012544129922262,-0.39874558700777385,-1,1,327.65000000000873,-1720.0,-1392.3499999999913
1965,2020/05/12 11:59:49.982,buy,-0.7509729288941145,0.2490270711058855,1,1,314.6000000000204,-1680.0,-1365.3999999999796
1974,2020/05/12 12:00:34.988,buy,-0.5441078501375429,0.4558921498624571,1,1,220.8000000000029,-1450.0,-1229.199999999997
1997,2020/05/12 12:02:29.702,sell,0.5577130197314091,-0.4422869802685909,-1,1,210.80000000001746,-1175.0,-964.1999999999825
2002,2020/05/12 12:02:54.738,buy,-0.7856521177800317,0.21434788221996826,1,1,186.10000000000582,-1145.0,-958.8999999999942
2005,2020/05/12 12:03:09.973,sell,0.7576426231569613,-0.2423573768430387,-1,1,222.10000000000582,-1265.0,-1042.8999999999942
2042,2020/05/12 12:06:14.962,buy,-0.5398635565214605,0.46013644347853955,1,1,212.5500000000029,-1345.0,-1132.449999999997
2052,2020/05/12 12:07:04.906,buy,-0.595533391727713,0.404466608272287,1,1,115.5,-910.0,-794.5
2054,2020/05/12 12:07:14.888,sell,0.5139979081260719,-0.48600209187392807,-1,1,102.70000000001164,-865.0,-762.2999999999884
2056,2020/05/12 12:07:24.999,buy,-0.5573557642785403,0.4426442357214597,1,1,109.30000000000291,-920.0,-810.6999999999971
2057,2020/05/12 12:07:29.677,sell,0.539778803974869,-0.460221196025131,-1,1,110.0,-950.0,-840.0
2058,2020/05/12 12:07:34.006,buy,-0.511295297191964,0.488704702808036,1,1,111.94999999999709,-840.0,-728.0500000000029
2059,2020/05/12 12:07:39.973,sell,0.5257518102065433,-0.47424818979345673,-1,1,101.15000000000873,-920.0,-818.8499999999913
2078,2020/05/12 12:09:14.923,buy,-0.22357054528107057,10.77642945471893,11,11,133.60000000003492,-835.0,-701.3999999999651
2078,2020/05/12 12:09:14.923,SHORT EXIT : NEG_SIGNAL,,,,,,,
2090,2020/05/12 12:10:14.705,LONG START : NEUTRAL,,,,,,,
2090,2020/05/12 12:10:14.705,buy,-9.38781794231084,-0.3878179423108392,9,9,10.349999999991269,-165.0,-154.65000000000873
2109,2020/05/12 12:11:49.877,sell,0.7393942939161775,-0.2606057060838225,-1,1,82.95000000001164,-405.0,-322.04999999998836
2111,2020/05/12 12:11:59.969,buy,-0.7186524737282909,0.2813475262717091,1,1,44.700000000004366,-235.0,-190.29999999999563
2115,2020/05/12 12:12:19.991,sell,0.7284939283509217,-0.27150607164907825,-1,1,88.85000000000582,-400.0,-311.1499999999942
2117,2020/05/12 12:12:29.972,buy,-0.6150096583328377,0.3849903416671623,1,1,56.75000000001455,-355.0,-298.24999999998545
2118,2020/05/12 12:12:34.969,sell,0.5250340360618182,-0.4749659639381818,-1,1,77.55000000000291,-415.0,-337.4499999999971
2119,2020/05/12 12:12:39.940,buy,-0.568067275279958,0.43193272472004196,1,1,60.60000000000582,-375.0,-314.3999999999942
2121,2020/05/12 12:12:49.141,sell,0.5283817626285767,-0.4716182373714233,-1,1,70.09999999999127,-385.0,-314.90000000000873
2131,2020/05/12 12:13:39.917,buy,-0.5401024798837355,0.4598975201162645,1,1,62.99999999998545,-305.0,-242.00000000001455
2132,2020/05/12 12:13:44.732,sell,0.5528347266926943,-0.4471652733073057,-1,1,74.74999999998545,-340.0,-265.25000000001455
2135,2020/05/12 12:13:59.986,buy,-0.5450771380344648,0.4549228619655352,1,1,62.69999999999709,-300.0,-237.3000000000029
2142,2020/05/12 12:14:34.575,sell,0.634951616268836,-0.365048383731164,-1,1,80.79999999998836,-300.0,-219.20000000001164
2149,2020/05/12 12:15:09.768,buy,-0.6155345556897487,0.3844654443102513,1,1,56.84999999999127,-200.0,-143.15000000000873
2175,2020/05/12 12:17:19.929,buy,-0.6407446467637428,0.35925535323625724,1,1,-26.150000000023283,180.0,153.84999999997672
2183,2020/05/12 12:17:59.788,sell,0.5754524736702606,-0.42454752632973936,-1,1,-1.4000000000087311,120.0,118.59999999999127
2186,2020/05/12 12:18:14.439,buy,-0.6157208286531031,0.38427917134689693,1,1,-26.850000000020373,185.0,158.14999999997963
2215,2020/05/12 12:20:39.940,sell,0.5939176863756259,-0.4060823136243741,-1,1,2.849999999976717,85.0,87.84999999997672
2239,2020/05/12 12:22:39.671,buy,-0.6943255881615968,0.30567441183840316,1,1,-32.15000000000873,155.0,122.84999999999127
2244,2020/05/12 12:23:04.958,sell,0.5781939344475973,-0.42180606555240274,-1,1,0.6499999999796273,65.0,65.64999999997963
2254,2020/05/12 12:23:54.667,buy,-0.6190425074329724,0.3809574925670276,1,1,-24.850000000020373,205.0,180.14999999997963
2256,2020/05/12 12:24:04.674,sell,0.6039093047089068,-0.3960906952910932,-1,1,0.8999999999796273,145.0,145.89999999997963
2275,2020/05/12 12:25:38.832,sell,0.5782289520528536,-0.42177104794714637,-1,1,72.7999999999738,-145.0,-72.2000000000262
2276,2020/05/12 12:25:44.330,buy,-0.5653847207537694,0.43461527924623056,1,1,58.29999999996653,-40.0,18.29999999996653
2285,2020/05/12 12:26:29.998,sell,0.5879241803452757,-0.4120758196547243,-1,1,73.5499999999738,-100.0,-26.450000000026193
2286,2020/05/12 12:26:34.993,buy,-0.5908502874719517,0.4091497125280483,1,1,55.59999999997672,-155.0,-99.40000000002328
2314,2020/05/12 12:28:54.891,sell,0.635919786170426,-0.364080213829574,-1,1,81.2499999999709,-270.0,-188.7500000000291
2317,2020/05/12 12:29:09.754,buy,-0.5658671325384219,0.4341328674615781,1,1,60.49999999997817,-215.0,-154.50000000002183
2318,2020/05/12 12:29:14.782,sell,0.53982598565117,-0.46017401434883,-1,1,74.4999999999709,-235.0,-160.5000000000291
2320,2020/05/12 12:29:24.925,buy,-0.5187007130109933,0.4812992869890067,1,1,62.099999999962165,-245.0,-182.90000000003783
2321,2020/05/12 12:29:29.995,sell,0.6202908174888009,-0.3797091825111991,-1,1,80.19999999996799,-245.0,-164.80000000003201
2332,2020/05/12 12:30:24.975,sell,0.9493014890796374,-0.050698510920362594,-1,1,171.1999999999607,-670.0,-498.8000000000393
2343,2020/05/12 12:31:19.985,buy,-0.5828749914765794,0.4171250085234206,1,1,133.49999999995634,-585.0,-451.50000000004366
2354,2020/05/12 12:32:14.853,sell,0.5397815140605999,-0.46021848593940007,-1,1,144.34999999996217,-630.0,-485.65000000003783
2362,2020/05/12 12:32:54.972,buy,-0.5016845688150937,0.4983154311849063,1,1,135.2499999999709,-555.0,-419.7500000000291
2372,2020/05/12 12:33:44.181,sell,0.6632445251837069,-0.3367554748162931,-1,1,150.84999999996944,-550.0,-399.15000000003056
2378,2020/05/12 12:34:14.971,buy,-0.5845698877513996,0.4154301122486004,1,1,133.4999999999709,-475.0,-341.5000000000291
2380,2020/05/12 12:34:24.100,sell,0.6363878587746967,-0.3636121412253033,-1,1,154.09999999996944,-525.0,-370.90000000003056
2386,2020/05/12 12:34:54.991,sell,0.5230175241775186,-0.47698247582248143,-1,1,205.69999999996799,-820.0,-614.300000000032
2395,2020/05/12 12:35:39.969,buy,-0.5582231922459187,0.44177680775408135,1,1,193.34999999996217,-775.0,-581.6500000000378
2396,2020/05/12 12:35:44.959,sell,0.557207049086557,-0.44279295091344295,-1,1,204.74999999995634,-800.0,-595.2500000000437
2402,2020/05/12 12:36:14.817,buy,-0.5325353648522082,0.4674646351477918,1,1,196.49999999996362,-745.0,-548.5000000000364
2425,2020/05/12 12:38:09.801,sell,0.596466471064943,-0.403533528935057,-1,1,206.6999999999607,-670.0,-463.3000000000393
2426,2020/05/12 12:38:14.508,buy,-0.5846066681902826,0.4153933318097174,1,1,188.9499999999607,-640.0,-451.0500000000393
2451,2020/05/12 12:40:19.873,buy,-0.5777971050738344,0.4222028949261656,1,1,126.09999999995489,-370.0,-243.9000000000451
2463,2020/05/12 12:41:19.862,sell,0.6315526117326584,-0.3684473882673416,-1,1,151.79999999995198,-515.0,-363.200000000048
2497,2020/05/12 12:44:09.528,buy,-0.9001862290125828,0.09981377098741717,1,1,111.59999999995489,-405.0,-293.4000000000451
2510,2020/05/12 12:45:14.772,sell,-0.4815704855987164,-8.481570485598716,-8,8,66.19999999995343,-250.0,-183.80000000004657
2510,2020/05/12 12:45:14.772,LONG EXIT : SQR_OFF,,,,,,,
2535,2020/05/12 12:47:19.859,SHORT START : NEUTRAL,,,,,,,
2535,2020/05/12 12:47:19.859,sell,8.848775540330479,-0.15122445966952114,-9,9,-11.25,-195.0,-206.25
2538,2020/05/12 12:47:34.928,buy,-0.7154649624857612,0.2845350375142388,1,1,-45.35000000000582,-70.0,-115.35000000000582
2543,2020/05/12 12:47:59.624,sell,0.5732507532638351,-0.4267492467361649,-1,1,-33.30000000000291,-150.0,-183.3000000000029
2544,2020/05/12 12:48:04.149,buy,-0.5488376256753398,0.4511623743246602,1,1,-28.54999999998836,-105.0,-133.54999999998836
2550,2020/05/12 12:48:34.938,sell,0.5774916369947363,-0.42250836300526373,-1,1,-37.0,-160.0,-197.0
2556,2020/05/12 12:49:04.999,buy,-0.7183897482249577,0.2816102517750423,1,1,-44.39999999999418,-85.0,-129.39999999999418
2569,2020/05/12 12:50:09.962,buy,-0.6085604291633899,0.3914395708366101,1,1,-112.60000000000582,200.0,87.39999999999418
2581,2020/05/12 12:51:09.985,buy,-0.5430973933092389,0.4569026066907611,1,1,-169.75,440.0,270.25
2583,2020/05/12 12:51:19.263,sell,0.6276310816165349,-0.3723689183834651,-1,1,-171.5,360.0,188.5
2589,2020/05/12 12:51:49.842,buy,-0.6119134454074597,0.38808655459254027,1,1,-175.4499999999971,410.0,234.5500000000029
2617,2020/05/12 12:54:09.924,sell,0.5536147027959615,-0.4463852972040385,-1,1,-173.59999999999127,400.0,226.40000000000873
2623,2020/05/12 12:54:39.872,buy,-0.5085813450560863,0.4914186549439137,1,1,-167.4499999999971,435.0,267.5500000000029
2624,2020/05/12 12:54:44.629,sell,0.7756888369435941,-0.22431116305640586,-1,1,-164.6999999999971,340.0,175.3000000000029
2642,2020/05/12 12:56:14.966,buy,-0.5614712775711084,0.4385287224288916,1,1,-179.5,405.0,225.5
2648,2020/05/12 12:56:44.533,sell,0.680815500579719,-0.31918449942028104,-1,1,-174.15000000000873,340.0,165.84999999999127
2653,2020/05/12 12:57:09.748,buy,-0.518203816861984,0.481796183138016,1,1,-173.6999999999971,350.0,176.3000000000029
2654,2020/05/12 12:57:14.649,sell,0.5505294735676571,-0.44947052643234287,-1,1,-184.09999999999127,310.0,125.90000000000873
2655,2020/05/12 12:57:19.743,buy,-0.548846456901515,0.451153543098485,1,1,-180.35000000000582,335.0,154.64999999999418
2679,2020/05/12 12:59:19.918,buy,-0.70506259951582,0.29493740048418005,1,1,-238.9499999999898,645.0,406.0500000000102
2679,2020/05/12 12:59:19.918,buy,0.29493740048418005,5.29493740048418,5,5,-234.14999999999418,645.0,410.8500000000058
2679,2020/05/12 12:59:19.918,SHORT EXIT : RESPONSE EXIT_P,,,,,,,
2697,2020/05/12 13:00:49.993,LONG START : NEUTRAL,,,,,,,
2697,2020/05/12 13:00:49.993,buy,-5.925369893947995,0.07463010605200537,6,6,3.2999999999956344,-190.0,-186.70000000000437
2700,2020/05/12 13:01:04.992,sell,0.5530886560073967,-0.44691134399260335,-1,1,25.25,-340.0,-314.75
2701,2020/05/12 13:01:09.930,buy,-0.5032931042665609,0.49670689573343907,1,1,17.75,-245.0,-227.25
2709,2020/05/12 13:01:49.994,buy,-0.7089322347138562,0.29106776528614375,1,1,-43.75,-115.0,-158.75
2719,2020/05/12 13:02:39.880,buy,-0.5312571068225438,0.4687428931774562,1,1,-91.54999999999563,155.0,63.450000000004366
2722,2020/05/12 13:02:54.873,sell,0.5283152626613301,-0.4716847373386699,-1,1,-81.65000000000873,140.0,58.34999999999127
2723,2020/05/12 13:02:59.989,buy,-0.5602780621334347,0.4397219378665653,1,1,-96.15000000000873,275.0,178.84999999999127
2724,2020/05/12 13:03:04.739,sell,0.6632095957132549,-0.3367904042867451,-1,1,-76.65000000000146,225.0,148.34999999999854
2744,2020/05/12 13:04:44.789,sell,0.5403086833735671,-0.4596913166264329,-1,1,-27.650000000001455,105.0,77.34999999999854
2745,2020/05/12 13:04:49.286,buy,-0.580974658327321,0.419025341672679,1,1,-38.549999999995634,85.0,46.450000000004366
2748,2020/05/12 13:05:04.932,sell,0.6232965384600533,-0.3767034615399467,-1,1,-23.14999999999418,75.0,51.85000000000582
2754,2020/05/12 13:05:34.953,sell,1.0696035653476201,0.06960356534762013,-1,1,51.400000000001455,-320.0,-268.59999999999854
2757,2020/05/12 13:05:49.922,sell,0.6056795897642928,-0.3943204102357072,-1,1,72.40000000000873,-460.0,-387.59999999999127
2758,2020/05/12 13:05:54.967,buy,-0.6253725280811935,0.3746274719188065,1,1,59.60000000000582,-385.0,-325.3999999999942
2764,2020/05/12 13:06:24.908,buy,-0.5791292732801594,0.4208707267198406,1,1,16.75,-150.0,-133.25
2783,2020/05/12 13:07:59.997,buy,-0.5201284594981743,0.4798715405018257,1,1,-29.39999999999418,35.0,5.600000000005821
2793,2020/05/12 13:08:49.889,buy,-0.8058480159635408,0.19415198403645917,1,1,-108.49999999998545,205.0,96.50000000001455
2796,2020/05/12 13:09:04.406,sell,0.5429744903693532,-0.4570255096306468,-1,1,-78.29999999998836,100.0,21.70000000001164
2811,2020/05/12 13:10:19.668,sell,0.5430872327555321,-0.45691276724446794,-1,1,-25.699999999982538,115.0,89.30000000001746
2813,2020/05/12 13:10:29.894,buy,-0.6118331336213174,0.3881668663786826,1,1,-36.34999999999127,185.0,148.65000000000873
2817,2020/05/12 13:10:49.965,sell,-0.07445607726369019,-7.07445607726369,-7,7,-68.64999999999418,320.0,251.35000000000582
2817,2020/05/12 13:10:49.965,LONG EXIT : SQR_OFF,,,,,,,
2820,2020/05/12 13:11:04.890,SHORT START : NEUTRAL,,,,,,,
2820,2020/05/12 13:11:04.890,sell,6.495025013756383,0.49502501375638275,-6,6,-8.700000000004366,-185.0,-193.70000000000437
2827,2020/05/12 13:11:39.851,sell,0.578215519561482,-0.421784480438518,-1,1,-5.5,-220.0,-225.5
2836,2020/05/12 13:12:24.958,sell,0.698182881282591,-0.301817118717409,-1,1,60.85000000000582,-405.0,-344.1499999999942
2842,2020/05/12 13:12:54.905,buy,-0.6141289636538616,0.3858710363461384,1,1,51.30000000000291,-360.0,-308.6999999999971
2855,2020/05/12 13:13:59.798,sell,0.5572057102685974,-0.44279428973140256,-1,1,46.00000000001455,-355.0,-308.99999999998545
2869,2020/05/12 13:15:09.799,buy,-0.5467010240447863,0.45329897595521373,1,1,48.45000000001164,-325.0,-276.54999999998836
2870,2020/05/12 13:15:14.937,sell,0.6523087175771352,-0.34769128242286484,-1,1,47.45000000001164,-300.0,-252.54999999998836
2871,2020/05/12 13:15:19.966,buy,-0.5320177480556225,0.4679822519443775,1,1,51.85000000000582,-285.0,-233.14999999999418
2873,2020/05/12 13:15:29.851,sell,0.5287932299757188,-0.47120677002428124,-1,1,38.80000000001746,-260.0,-221.19999999998254
2876,2020/05/12 13:15:44.425,buy,-0.5517977381472221,0.4482022618527779,1,1,40.95000000001164,-270.0,-229.04999999998836
2890,2020/05/12 13:16:54.955,buy,-0.7711429857642429,0.2288570142357571,1,1,-30.299999999973807,65.0,34.70000000002619
2894,2020/05/12 13:17:14.009,sell,0.5776267200888583,-0.4223732799111417,-1,1,-23.349999999983993,-50.0,-73.34999999998399
2905,2020/05/12 13:18:09.919,sell,0.5020639095251553,-0.49793609047484466,-1,1,32.50000000001455,-285.0,-252.49999999998545
2906,2020/05/12 13:18:14.937,buy,-0.5057292563071627,0.4942707436928373,1,1,43.95000000001164,-285.0,-241.04999999998836
2907,2020/05/12 13:18:19.830,sell,0.6352375790802895,-0.36476242091971045,-1,1,35.65000000002328,-315.0,-279.3499999999767
2910,2020/05/12 13:18:34.434,buy,-0.5993699615612158,0.4006300384387842,1,1,39.10000000002037,-205.0,-165.89999999997963
2915,2020/05/12 13:18:59.788,sell,0.5332227100596043,-0.4667772899403957,-1,1,33.15000000002328,-285.0,-251.84999999997672
2919,2020/05/12 13:19:19.499,buy,-0.5776077629401684,0.42239223705983164,1,1,30.550000000017462,-195.0,-164.44999999998254
2920,2020/05/12 13:19:24.982,sell,0.6100954332598647,-0.3899045667401353,-1,1,31.20000000001164,-190.0,-158.79999999998836
2921,2020/05/12 13:19:29.917,buy,-0.5137962740628694,0.48620372593713057,1,1,31.750000000014552,-55.0,-23.249999999985448
2928,2020/05/12 13:20:04.490,buy,-0.5230119598658547,0.4769880401341453,1,1,-31.049999999973807,150.0,118.9500000000262
2932,2020/05/12 13:20:24.984,sell,0.5479438065305899,-0.45205619346941006,-1,1,-33.94999999997526,100.0,66.05000000002474
2933,2020/05/12 13:20:29.638,buy,-0.5163989653569274,0.4836010346430726,1,1,-29.749999999985448,95.0,65.25000000001455
2948,2020/05/12 13:21:44.955,sell,0.5378789267373776,-0.4621210732626224,-1,1,-40.249999999970896,15.0,-25.249999999970896
2966,2020/05/12 13:23:14.817,sell,0.5308410220574515,-0.46915897794254846,-1,1,22.100000000020373,-215.0,-192.89999999997963
2967,2020/05/12 13:23:19.962,buy,-0.9124828810404608,0.08751711895953918,1,1,4.9500000000116415,-105.0,-100.04999999998836
2980,2020/05/12 13:24:24.966,buy,-0.5234798913539791,0.4765201086460209,1,1,-36.09999999997672,90.0,53.90000000002328
2991,2020/05/12 13:25:19.958,sell,0.7956787172866697,-0.20432128271333028,-1,1,-34.19999999998254,-85.0,-119.19999999998254
3001,2020/05/12 13:26:09.564,sell,0.5366665961245545,-0.4633334038754455,-1,1,15.150000000023283,-240.0,-224.84999999997672
3003,2020/05/12 13:26:19.789,buy,-0.6984551100577434,0.3015448899422566,1,1,10.150000000023283,-250.0,-239.84999999997672
3027,2020/05/12 13:28:19.998,sell,0.6329721717053971,-0.3670278282946029,-1,1,15.250000000029104,-355.0,-339.7499999999709
3028,2020/05/12 13:28:24.989,buy,-0.5334408449168464,0.4665591550831536,1,1,18.650000000037835,-300.0,-281.34999999996217
3029,2020/05/12 13:28:29.909,sell,0.7156109948029581,-0.2843890051970419,-1,1,19.800000000032014,-350.0,-330.199999999968
3045,2020/05/12 13:29:49.948,buy,-0.5096032227147376,0.49039677728526243,1,1,12.050000000032014,-320.0,-307.949999999968
3046,2020/05/12 13:29:54.947,sell,0.5013750575062232,-0.49862494249377676,-1,1,3.050000000032014,-325.0,-321.949999999968
3051,2020/05/12 13:30:19.621,sell,0.6084466925144838,-0.3915533074855162,-1,1,72.90000000003783,-590.0,-517.0999999999622
3059,2020/05/12 13:30:59.990,sell,0.566303944550512,-0.43369605544948797,-1,1,145.80000000004657,-775.0,-629.1999999999534
3060,2020/05/12 13:31:04.954,buy,-0.5622200323813971,0.43777996761860294,1,1,157.9000000000524,-825.0,-667.0999999999476
3061,2020/05/12 13:31:09.986,sell,0.5824695151392731,-0.41753048486072686,-1,1,143.20000000004075,-820.0,-676.7999999999593
3064,2020/05/12 13:31:24.999,buy,-0.6297663555323609,0.37023364446763907,1,1,138.30000000004657,-780.0,-641.6999999999534
3073,2020/05/12 13:32:09.858,sell,0.5080613420889506,-0.4919386579110494,-1,1,136.90000000003783,-770.0,-633.0999999999622
3093,2020/05/12 13:33:49.836,sell,0.5705190714539086,-0.42948092854609143,-1,1,221.9500000000262,-1005.0,-783.0499999999738
3115,2020/05/12 13:35:39.909,buy,-0.7104209145364209,0.28957908546357913,1,1,219.60000000002037,-980.0,-760.3999999999796
3147,2020/05/12 13:38:19.998,sell,0.5544453401811822,-0.4455546598188178,-1,1,221.70000000004075,-1065.0,-843.2999999999593
3181,2020/05/12 13:41:09.996,buy,-0.6140168293687438,0.3859831706312562,1,1,226.20000000004075,-890.0,-663.7999999999593
3182,2020/05/12 13:41:14.744,sell,0.5526367734697999,-0.4473632265302001,-1,1,221.85000000003492,-945.0,-723.1499999999651
3194,2020/05/12 13:42:14.805,buy,-0.5087483041917906,0.4912516958082094,1,1,222.4500000000262,-965.0,-742.5499999999738
3209,2020/05/12 13:43:29.927,buy,-0.8305172708109652,0.16948272918903484,1,1,113.05000000003201,-610.0,-496.949999999968
3210,2020/05/12 13:43:34.500,buy,-0.8395843032448838,0.16041569675511624,1,1,38.150000000037835,-460.0,-421.84999999996217
3212,2020/05/12 13:43:44.967,sell,0.5939342795073443,-0.40606572049265566,-1,1,49.600000000034925,-410.0,-360.3999999999651
3217,2020/05/12 13:44:09.910,buy,-0.5985633009660205,0.4014366990339795,1,1,48.800000000032014,-240.0,-191.19999999996799
3220,2020/05/12 13:44:24.996,buy,0.38478053575857274,8.384780535758573,8,8,51.50000000005821,-245.0,-193.4999999999418
3220,2020/05/12 13:44:24.996,SHORT EXIT : SQR_OFF,,,,,,,
3223,2020/05/12 13:44:39.983,LONG START : NEUTRAL,,,,,,,
3223,2020/05/12 13:44:39.983,buy,-7.4640989216502405,-0.46409892165024047,7,7,6.299999999995634,-180.0,-173.70000000000437
3225,2020/05/12 13:44:49.610,buy,-0.6189402196805389,0.3810597803194611,1,1,-15.049999999995634,-170.0,-185.04999999999563
3229,2020/05/12 13:45:09.371,sell,0.8723785836755127,-0.1276214163244873,-1,1,22.35000000000582,-325.0,-302.6499999999942
3232,2020/05/12 13:45:24.976,sell,0.716243609277214,-0.283756390722786,-1,1,72.75,-390.0,-317.25
3234,2020/05/12 13:45:34.903,buy,-0.5174681036466637,0.48253189635333626,1,1,56.35000000000582,-310.0,-253.64999999999418
3235,2020/05/12 13:45:39.857,sell,0.590884154010709,-0.40911584598929096,-1,1,67.25000000000728,-415.0,-347.7499999999927
3237,2020/05/12 13:45:49.912,buy,-0.5053194452334466,0.49468055476655337,1,1,55.40000000000873,-375.0,-319.59999999999127
3238,2020/05/12 13:45:54.943,sell,0.5083807374135176,-0.49161926258648236,-1,1,64.05000000000291,-355.0,-290.9499999999971
3242,2020/05/12 13:46:14.961,sell,0.6250341396846935,-0.37496586031530654,-1,1,117.85000000000582,-675.0,-557.1499999999942
3247,2020/05/12 13:46:39.874,buy,-0.5925516949323537,0.4074483050676463,1,1,101.75000000000728,-510.0,-408.2499999999927
3258,2020/05/12 13:47:34.645,buy,-0.5069657707866142,0.4930342292133858,1,1,53.10000000000582,-210.0,-156.89999999999418
3259,2020/05/12 13:47:39.999,sell,0.730555368764854,-0.26944463123514595,-1,1,73.45000000001164,-335.0,-261.54999999998836
3280,2020/05/12 13:49:24.994,sell,0.8146626095717195,-0.18533739042828046,-1,1,124.50000000000728,-555.0,-430.4999999999927
3282,2020/05/12 13:49:34.920,buy,-0.5777859037205104,0.4222140962794896,1,1,105.85000000000582,-510.0,-404.1499999999942
3320,2020/05/12 13:52:44.958,buy,-0.59282622310932,0.40717377689068,1,1,51.550000000010186,-155.0,-103.44999999998981
3327,2020/05/12 13:53:19.692,sell,0.567295728807359,-0.432704271192641,-1,1,63.95000000001164,-125.0,-61.04999999998836
3329,2020/05/12 13:53:29.658,sell,-0.6033589221197388,-6.603358922119739,-6,6,46.8500000000131,-145.0,-98.1499999999869
3329,2020/05/12 13:53:29.658,LONG EXIT : NEG_SIGNAL,,,,,,,
3337,2020/05/12 13:54:09.547,SHORT START : NEUTRAL,,,,,,,
3337,2020/05/12 13:54:09.547,sell,7.173647605708837,0.17364760570883675,-7,7,-10.850000000013097,-200.0,-210.8500000000131
3347,2020/05/12 13:54:59.949,buy,-0.72525657182468,0.27474342817532005,1,1,-53.80000000001746,5.0,-48.80000000001746
3347,2020/05/12 13:54:59.949,buy,0.27474342817532005,6.27474342817532,6,6,-50.60000000002037,5.0,-45.60000000002037
3347,2020/05/12 13:54:59.949,SHORT EXIT : RESPONSE EXIT_L,,,,,,,
3386,2020/05/12 13:58:14.981,SHORT START : NEUTRAL,,,,,,,
3386,2020/05/12 13:58:14.981,sell,6.998075512988102,-0.0019244870118981794,-7,7,-11.899999999986903,-195.0,-206.8999999999869
3400,2020/05/12 13:59:24.811,buy,-0.728166316985245,0.27183368301475497,1,1,-44.19999999999709,-15.0,-59.19999999999709
3406,2020/05/12 13:59:54.897,sell,0.7440494443592982,-0.2559505556407018,-1,1,-31.150000000001455,-95.0,-126.15000000000146
3408,2020/05/12 14:00:04.965,buy,-0.5371753390640848,0.46282466093591523,1,1,-39.80000000000291,-10.0,-49.80000000000291
3408,2020/05/12 14:00:04.965,buy,0.46282466093591523,6.462824660935915,6,6,-36.60000000000582,-10.0,-46.60000000000582
3408,2020/05/12 14:00:04.965,SHORT EXIT : RESPONSE EXIT_L,,,,,,,
3434,2020/05/12 14:02:14.381,SHORT START : NEUTRAL,,,,,,,
3434,2020/05/12 14:02:14.381,sell,6.819511143801492,-0.18048885619850807,-7,7,-4.900000000008731,-210.0,-214.90000000000873
3450,2020/05/12 14:03:34.530,buy,-0.6263271436181341,0.37367285638186587,1,1,-20.500000000014552,-165.0,-185.50000000001455
3455,2020/05/12 14:03:59.832,sell,0.5990321994334522,-0.4009678005665478,-1,1,-25.050000000017462,-200.0,-225.05000000001746
3458,2020/05/12 14:04:14.112,buy,-0.5046732951928448,0.49532670480715524,1,1,-20.90000000000873,-155.0,-175.90000000000873
3463,2020/05/12 14:04:39.970,buy,-0.7500463149831162,0.24995368501688375,1,1,-84.10000000002037,170.0,85.89999999997963
3470,2020/05/12 14:05:14.936,buy,-0.6012271352253862,0.3987728647746138,1,1,-122.30000000000291,335.0,212.6999999999971
3475,2020/05/12 14:05:39.891,sell,0.5987568248426172,-0.40124317515738284,-1,1,-125.85000000000582,240.0,114.14999999999418
3481,2020/05/12 14:06:09.926,buy,-0.7253102504290325,0.2746897495709675,1,1,-131.25,310.0,178.75
3491,2020/05/12 14:06:59.929,sell,0.5989620855295854,-0.4010379144704146,-1,1,-130.75000000000728,255.0,124.24999999999272
3511,2020/05/12 14:08:39.836,sell,0.5818921515376729,-0.41810784846232707,-1,1,-88.20000000001164,195.0,106.79999999998836
3532,2020/05/12 14:10:24.936,sell,0.5642874301416114,-0.4357125698583886,-1,1,-41.20000000001164,110.0,68.79999999998836
3533,2020/05/12 14:10:29.983,buy,-0.6054196120237307,0.39458038797626926,1,1,-40.45000000001164,160.0,119.54999999998836
3545,2020/05/12 14:11:29.469,buy,-0.5467031645727332,0.45329683542726684,1,1,-93.95000000001892,320.0,226.04999999998108
3546,2020/05/12 14:11:34.998,sell,0.5985819321537704,-0.4014180678462296,-1,1,-94.80000000001019,230.0,135.1999999999898
3561,2020/05/12 14:12:49.929,buy,-0.5003942980762162,0.49960570192378384,1,1,-87.8500000000131,295.0,207.1499999999869
3571,2020/05/12 14:13:39.677,buy,-0.9471939270003986,0.05280607299960138,1,1,-153.55000000001746,595.0,441.44999999998254
3571,2020/05/12 14:13:39.677,buy,0.05280607299960138,4.052806072999601,4,4,-151.75000000001455,595.0,443.24999999998545
3571,2020/05/12 14:13:39.677,SHORT EXIT : RESPONSE EXIT_P,,,,,,,
3592,2020/05/12 14:15:24.958,LONG START : NEUTRAL,,,,,,,
3592,2020/05/12 14:15:24.958,buy,-4.138725097416007,-0.1387250974160068,4,4,6.799999999995634,-170.0,-163.20000000000437
3593,2020/05/12 14:15:28.996,buy,-0.6618507664606099,0.3381492335393901,1,1,-22.19999999999709,-90.0,-112.19999999999709
3600,2020/05/12 14:16:04.985,sell,1.0738157490420832,0.07381574904208321,-1,1,12.050000000010186,-270.0,-257.9499999999898
3602,2020/05/12 14:16:14.730,sell,1.618267010906834,-0.381732989093166,-2,2,59.750000000007276,-420.0,-360.2499999999927
3608,2020/05/12 14:16:49.949,buy,-0.9189979848803773,0.08100201511962268,1,1,48.65000000000691,-365.0,-316.3499999999931
3612,2020/05/12 14:17:09.992,sell,0.7899957761213585,-0.21000422387864148,-1,1,66.75000000001091,-570.0,-503.2499999999891
3615,2020/05/12 14:17:24.900,buy,-0.6027062043408478,0.39729379565915224,1,1,58.050000000010186,-460.0,-401.9499999999898
3616,2020/05/12 14:17:29.982,sell,0.5560116438730915,-0.44398835612690846,-1,1,62.65000000001237,-545.0,-482.34999999998763
3618,2020/05/12 14:17:39.876,buy,-0.6972785804937232,0.30272141950627685,1,1,56.65000000001237,-465.0,-408.34999999998763
3624,2020/05/12 14:18:09.888,sell,0.5238583930661989,-0.47614160693380114,-1,1,61.250000000010914,-575.0,-513.7499999999891
3628,2020/05/12 14:18:29.960,buy,-0.9787460869819213,0.021253913018078663,1,1,52.20000000001164,-540.0,-487.79999999998836
3635,2020/05/12 14:19:04.796,buy,-0.6463128678430934,0.3536871321569066,1,1,33.20000000001164,-240.0,-206.79999999998836
3640,2020/05/12 14:19:29.945,sell,0.7890823278458754,-0.2109176721541246,-1,1,50.500000000007276,-465.0,-414.4999999999927
3645,2020/05/12 14:19:54.733,sell,0.5134883579334399,-0.48651164206656006,-1,1,66.450000000008,-520.0,-453.549999999992
3648,2020/05/12 14:20:09.987,sell,0.5589331155262656,-0.44106688447373443,-1,1,83.0000000000091,-745.0,-661.9999999999909
3655,2020/05/12 14:20:44.988,sell,0.7889539099357705,-0.21104609006422947,-1,1,92.15000000000873,-910.0,-817.8499999999913
3663,2020/05/12 14:21:24.984,buy,-0.7895879497965552,0.21041205020344478,1,1,93.700000000008,-775.0,-681.299999999992
3667,2020/05/12 14:21:44.926,sell,0.9948815772307498,-0.00511842276925023,-1,1,97.65000000000873,-770.0,-672.3499999999913
3670,2020/05/12 14:21:59.885,sell,0.6877464057435745,-0.3122535942564255,-1,1,97.5000000000091,-850.0,-752.4999999999909
3676,2020/05/12 14:22:29.983,sell,0.8705735933189374,-0.12942640668106264,-1,1,84.40000000000873,-1015.0,-930.5999999999913
3679,2020/05/12 14:22:44.779,sell,0.5013706711831674,-0.49862932881683264,-1,1,74.90000000000873,-1090.0,-1015.0999999999913
3680,2020/05/12 14:22:49.997,buy,-0.570439783873276,0.429560216126724,1,1,79.60000000000582,-1000.0,-920.3999999999942
3683,2020/05/12 14:23:04.860,buy,-0.5629745203191234,0.43702547968087657,1,1,95.00000000000728,-1015.0,-919.9999999999927
3690,2020/05/12 14:23:39.806,sell,0.5647276368273353,-0.4352723631726647,-1,1,91.80000000001019,-770.0,-678.1999999999898
3691,2020/05/12 14:23:44.996,buy,-0.7680199808848585,0.23198001911514154,1,1,99.6000000000131,-745.0,-645.3999999999869
3695,2020/05/12 14:24:04.996,buy,-0.5781880324972164,0.4218119675027836,1,1,106.50000000001091,-690.0,-583.4999999999891
3698,2020/05/12 14:24:19.749,buy,-0.6120213763627831,0.3879786236372169,1,1,103.950000000008,-670.0,-566.049999999992
3700,2020/05/12 14:24:29.946,sell,0.6434687418636287,-0.3565312581363713,-1,1,104.20000000000982,-650.0,-545.7999999999902
3708,2020/05/12 14:25:09.796,sell,0.6997632154659001,-0.30023678453409985,-1,1,104.05000000001019,-680.0,-575.9499999999898
3713,2020/05/12 14:25:34.944,sell,0.7292372006719816,-0.2707627993280184,-1,1,93.80000000001019,-745.0,-651.1999999999898
3714,2020/05/12 14:25:39.959,buy,-0.6843459589531022,0.31565404104689776,1,1,104.40000000000873,-670.0,-565.5999999999913
3721,2020/05/12 14:26:14.988,buy,-0.650483209954622,0.34951679004537795,1,1,111.00000000001091,-580.0,-468.9999999999891
3724,2020/05/12 14:26:29.833,sell,0.8598129408846305,-0.14018705911536955,-1,1,107.65000000001055,-650.0,-542.3499999999894
3727,2020/05/12 14:26:44.950,buy,-0.5716294263419215,0.4283705736580785,1,1,112.450000000008,-555.0,-442.549999999992
3728,2020/05/12 14:26:49.937,sell,0.7734401546299736,-0.22655984537002638,-1,1,110.50000000001091,-610.0,-499.4999999999891
3729,2020/05/12 14:26:54.814,buy,-0.5815365053668344,0.41846349463316557,1,1,114.40000000001237,-570.0,-455.59999999998763
3738,2020/05/12 14:27:39.952,buy,-1.5255399794294462,-1.5255399794294462,0,0,113.90000000001055,-275.0,-161.09999999998945
3738,2020/05/12 14:27:39.952,LONG EXIT : NEG_SIGNAL,,,,,,,
3741,2020/05/12 14:27:54.971,SHORT START : NEUTRAL,,,,,,,
3741,2020/05/12 14:27:54.971,sell,2.294534457120207,0.2945344571202071,-2,2,-3.100000000002183,-185.0,-188.10000000000218
3744,2020/05/12 14:28:09.962,buy,-0.8075366246013473,0.19246337539865266,1,1,-20.05000000000291,-105.0,-125.05000000000291
3745,2020/05/12 14:28:14.963,sell,0.5540674765113778,-0.4459325234886222,-1,1,-18.5,-50.0,-68.5
3746,2020/05/12 14:28:19.956,buy,-0.7263246640387138,0.27367533596128624,1,1,-19.600000000002183,-50.0,-69.60000000000218
3748,2020/05/12 14:28:29.655,sell,0.640545990788091,-0.35945400921190895,-1,1,-22.399999999997817,-60.0,-82.39999999999782
3753,2020/05/12 14:28:54.946,sell,0.5260045688004453,-0.4739954311995547,-1,1,-8.05000000000291,-315.0,-323.0500000000029
3756,2020/05/12 14:29:09.992,buy,-0.6714999968183193,0.3285000031816807,1,1,-6.400000000001455,-315.0,-321.40000000000146
3761,2020/05/12 14:29:34.700,buy,-0.6921839094179205,0.3078160905820795,1,1,-27.599999999998545,-310.0,-337.59999999999854
3765,2020/05/12 14:29:54.980,sell,0.8508497956210093,-0.14915020437899074,-1,1,-26.700000000000728,-440.0,-466.7000000000007
3768,2020/05/12 14:30:09.930,buy,-0.7768256926279804,0.2231743073720196,1,1,-31.900000000005093,-465.0,-496.9000000000051
3770,2020/05/12 14:30:19.864,buy,-0.5340591951874316,0.4659408048125684,1,1,-41.75,-340.0,-381.75
3774,2020/05/12 14:30:39.799,buy,-0.6015159919609943,0.39848400803900574,1,1,-42.04999999999927,-305.0,-347.0499999999993
3779,2020/05/12 14:31:04.933,buy,-0.7972798152684035,0.20272018473159648,1,1,-32.60000000000218,-245.0,-277.6000000000022
3781,2020/05/12 14:31:14.729,buy,-0.6443277078793272,0.35567229212067275,1,1,-19.600000000002183,-275.0,-294.6000000000022
3784,2020/05/12 14:31:29.847,sell,1.134775666574214,0.13477566657421391,-1,1,-38.75,-450.0,-488.75
3785,2020/05/12 14:31:34.999,sell,0.5610864451376258,-0.43891355486237416,-1,1,-47.94999999999891,-435.0,-482.9499999999989
3787,2020/05/12 14:31:44.931,buy,-0.7191915471840531,0.2808084528159469,1,1,-45.49999999999818,-465.0,-510.4999999999982
3794,2020/05/12 14:32:19.930,buy,-0.5181320279763639,0.48186797202363607,1,1,-33.54999999999745,-475.0,-508.54999999999745
3797,2020/05/12 14:32:34.950,sell,0.648741049553422,-0.35125895044657796,-1,1,-37.29999999999927,-565.0,-602.2999999999993
3799,2020/05/12 14:32:44.999,buy,-0.5954035292601816,0.4045964707398184,1,1,-34.5,-620.0,-654.5
3802,2020/05/12 14:32:59.783,sell,0.5122188591864614,-0.4877811408135386,-1,1,-37.799999999995634,-750.0,-787.7999999999956
3803,2020/05/12 14:33:04.967,buy,-1.1313352778819947,-0.13133527788199473,1,1,-27.299999999997453,-710.0,-737.2999999999975
3805,2020/05/12 14:33:14.935,buy,-1.0253402985325337,-0.025340298532533723,1,1,-4.549999999995634,-660.0,-664.5499999999956
3808,2020/05/12 14:33:29.997,sell,0.5480623394036854,-0.45193766059631457,-1,1,-22.799999999991996,-735.0,-757.799999999992
3812,2020/05/12 14:33:49.986,sell,0.7210987218157356,-0.27890127818426436,-1,1,-54.99999999999636,-950.0,-1004.9999999999964
3815,2020/05/12 14:34:04.986,buy,-0.7026068525769418,0.2973931474230582,1,1,-48.59999999999491,-865.0,-913.5999999999949
3816,2020/05/12 14:34:09.842,sell,0.7107176615853987,-0.28928233841460127,-1,1,-60.14999999999418,-910.0,-970.1499999999942
3828,2020/05/12 14:35:09.998,buy,-0.6858518680795456,0.31414813192045443,1,1,-53.69999999999345,-875.0,-928.6999999999935
3832,2020/05/12 14:35:29.963,buy,-0.5458219538739897,0.4541780461260103,1,1,-33.34999999999491,-910.0,-943.3499999999949
3839,2020/05/12 14:36:04.977,sell,0.7153558924410746,-0.28464410755892544,-1,1,-40.749999999989086,-945.0,-985.7499999999891
3845,2020/05/12 14:36:34.948,sell,0.9125161262407886,-0.0874838737592114,-1,1,-74.09999999998763,-1150.0,-1224.0999999999876
3850,2020/05/12 14:36:59.985,buy,-0.5508730975282603,0.4491269024717397,1,1,-66.94999999998981,-1065.0,-1131.9499999999898
3853,2020/05/12 14:37:14.990,sell,0.6273639954798966,-0.37263600452010337,-1,1,-71.69999999998618,-1110.0,-1181.6999999999862
3857,2020/05/12 14:37:34.950,sell,0.8432848274884606,-0.15671517251153944,-1,1,-94.449999999988,-1185.0,-1279.449999999988
3858,2020/05/12 14:37:39.995,sell,0.510518892281894,-0.48948110771810605,-1,1,-101.79999999998836,-1150.0,-1251.7999999999884
3859,2020/05/12 14:37:44.943,buy,-0.5693365419162646,0.4306634580837354,1,1,-99.84999999998945,-1130.0,-1229.8499999999894
3860,2020/05/12 14:37:49.978,sell,0.8383969056336724,-0.16160309436632758,-1,1,-107.34999999998763,-1160.0,-1267.3499999999876
3866,2020/05/12 14:38:19.994,sell,0.7228738441492268,-0.27712615585077316,-1,1,-108.74999999998909,-1105.0,-1213.749999999989
3868,2020/05/12 14:38:29.998,buy,-0.6400804758722174,0.3599195241277826,1,1,-108.14999999999054,-1130.0,-1238.1499999999905
3872,2020/05/12 14:38:49.932,buy,-0.5124819476014508,0.4875180523985492,1,1,-110.09999999998945,-1095.0,-1205.0999999999894
3873,2020/05/12 14:38:54.946,sell,0.503312052878627,-0.496687947121373,-1,1,-114.14999999998872,-1050.0,-1164.1499999999887
3874,2020/05/12 14:38:59.992,buy,-0.7049716253106055,0.29502837468939447,1,1,-112.79999999998836,-1020.0,-1132.7999999999884
3876,2020/05/12 14:39:09.968,buy,-1.2486206893958496,-0.24862068939584958,1,1,-100.69999999998981,-905.0,-1005.6999999999898
3882,2020/05/12 14:39:39.966,buy,-0.6759143746009286,0.3240856253990714,1,1,-94.949999999988,-915.0,-1009.949999999988
3883,2020/05/12 14:39:44.979,sell,0.7470891736997771,-0.2529108263002229,-1,1,-105.6499999999869,-960.0,-1065.649999999987
3889,2020/05/12 14:40:14.908,sell,0.523606073290594,-0.47639392670940595,-1,1,-119.6499999999869,-1040.0,-1159.649999999987
3898,2020/05/12 14:40:59.924,sell,0.9235073516018915,-0.07649264839810854,-1,1,-132.84999999998763,-1185.0,-1317.8499999999876
3901,2020/05/12 14:41:14.933,sell,0.6146795391170485,-0.38532046088295147,-1,1,-134.09999999998763,-1265.0,-1399.0999999999876
3902,2020/05/12 14:41:19.963,buy,-0.7837309803475279,0.21626901965247214,1,1,-134.29999999998836,-1235.0,-1369.2999999999884
3904,2020/05/12 14:41:29.977,buy,-0.7687337460068235,0.23126625399317646,1,1,-136.69999999998618,-1180.0,-1316.6999999999862
3921,2020/05/12 14:42:54.716,sell,0.6220824150170472,-0.3779175849829528,-1,1,-142.1499999999869,-1205.0,-1347.149999999987
3922,2020/05/12 14:42:59.913,buy,-1.003437429964606,-0.0034374299646060535,1,1,-140.94999999998618,-1195.0,-1335.9499999999862
3933,2020/05/12 14:43:54.970,buy,-0.6265514279014539,0.3734485720985461,1,1,-137.34999999998763,-1355.0,-1492.3499999999876
3935,2020/05/12 14:44:04.989,buy,-0.6759544750587523,0.3240455249412477,1,1,-119.24999999998727,-1235.0,-1354.2499999999873
3940,2020/05/12 14:44:29.996,sell,0.6898864363343975,-0.3101135636656025,-1,1,-128.349999999984,-1245.0,-1373.349999999984
3944,2020/05/12 14:44:49.999,buy,-0.6152652262357279,0.3847347737642721,1,1,-124.24999999998545,-1185.0,-1309.2499999999854
3945,2020/05/12 14:44:54.926,sell,0.6823413868772477,-0.31765861312275234,-1,1,-131.04999999998472,-1250.0,-1381.0499999999847
3952,2020/05/12 14:45:29.958,sell,0.5728011745872834,-0.4271988254127166,-1,1,-149.0999999999858,-1450.0,-1599.0999999999858
3953,2020/05/12 14:45:34.870,buy,-0.9246837568415174,0.07531624315848262,1,1,-144.79999999998472,-1415.0,-1559.7999999999847
3954,2020/05/12 14:45:39.999,sell,0.5516745070619038,-0.4483254929380962,-1,1,-154.74999999998545,-1425.0,-1579.7499999999854
3955,2020/05/12 14:45:44.932,buy,-0.7396127131066734,0.2603872868933266,1,1,-152.14999999998508,-1405.0,-1557.149999999985
3958,2020/05/12 14:45:59.850,sell,0.8021151515283904,-0.1978848484716096,-1,1,-163.54999999998836,-1510.0,-1673.5499999999884
3965,2020/05/12 14:46:34.929,sell,0.7019340037034283,-0.2980659962965717,-1,1,-172.79999999998836,-1500.0,-1672.7999999999884
3966,2020/05/12 14:46:39.999,buy,-1.0688427181495825,-0.06884271814958254,1,1,-171.449999999988,-1395.0,-1566.449999999988
3987,2020/05/12 14:48:24.988,sell,0.6012986128488436,-0.39870138715115644,-1,1,-180.14999999998872,-1705.0,-1885.1499999999887
3988,2020/05/12 14:48:29.971,buy,-0.6413529000202374,0.35864709997976263,1,1,-178.84999999998945,-1670.0,-1848.8499999999894
3991,2020/05/12 14:48:44.993,sell,0.5725718472093462,-0.4274281527906538,-1,1,-182.74999999998727,-1690.0,-1872.7499999999873
3995,2020/05/12 14:49:04.987,buy,-0.6098068630925226,0.39019313690747737,1,1,-181.59999999998763,-1680.0,-1861.5999999999876
4003,2020/05/12 14:49:44.988,sell,0.6467764057372705,-0.35322359426272953,-1,1,-186.3499999999858,-1695.0,-1881.3499999999858
4004,2020/05/12 14:49:49.976,buy,-0.5704943752912328,0.4295056247087672,1,1,-185.74999999998545,-1645.0,-1830.7499999999854
4005,2020/05/12 14:49:54.991,sell,0.7923845511546332,-0.20761544884536676,-1,1,-190.74999999998545,-1660.0,-1850.7499999999854
4007,2020/05/12 14:50:04.984,buy,-0.7294072305347967,0.2705927694652033,1,1,-189.74999999998545,-1685.0,-1874.7499999999854
4009,2020/05/12 14:50:14.936,sell,0.5658854933897501,-0.43411450661024986,-1,1,-194.79999999998472,-1725.0,-1919.7999999999847
4010,2020/05/12 14:50:19.993,buy,-0.5869934295871246,0.41300657041287536,1,1,-193.99999999998363,-1695.0,-1888.9999999999836
4011,2020/05/12 14:50:24.909,sell,0.5439057676805845,-0.4560942323194155,-1,1,-196.79999999998472,-1740.0,-1936.7999999999847
4013,2020/05/12 14:50:34.867,buy,-0.5227307431378208,0.47726925686217925,1,1,-196.599999999984,-1720.0,-1916.599999999984
4024,2020/05/12 14:51:29.779,buy,-1.4794946710298689,-0.47949467102986887,1,1,-179.64999999998508,-1700.0,-1879.649999999985
4026,2020/05/12 14:51:39.999,buy,-0.5474527178982811,0.4525472821017189,1,1,-178.94999999998618,-1645.0,-1823.9499999999862
4027,2020/05/12 14:51:44.980,sell,0.6715287011581736,-0.32847129884182635,-1,1,-184.49999999998545,-1665.0,-1849.4999999999854
4028,2020/05/12 14:51:49.989,buy,-0.6978835058086759,0.30211649419132414,1,1,-179.1499999999869,-1620.0,-1799.149999999987
4032,2020/05/12 14:52:09.953,sell,0.796030769670331,-0.20396923032966896,-1,1,-191.49999999998545,-1690.0,-1881.4999999999854
4034,2020/05/12 14:52:19.987,buy,-0.7732919762474921,0.22670802375250787,1,1,-183.49999999998545,-1685.0,-1868.4999999999854
4039,2020/05/12 14:52:44.950,sell,0.5289330056344781,-0.4710669943655219,-1,1,-191.8999999999869,-1775.0,-1966.899999999987
4047,2020/05/12 14:53:24.845,buy,-0.5159052759572162,0.48409472404278375,1,1,-191.69999999998618,-1685.0,-1876.6999999999862
4057,2020/05/12 14:54:14.858,buy,-0.6639497093725524,0.3360502906274476,1,1,-162.94999999998618,-1585.0,-1747.9499999999862
4062,2020/05/12 14:54:39.983,sell,0.7260908403773172,-0.2739091596226828,-1,1,-175.1499999999869,-1630.0,-1805.149999999987
4064,2020/05/12 14:54:49.940,buy,-0.7360495768497657,0.2639504231502343,1,1,-166.09999999998763,-1595.0,-1761.0999999999876
4067,2020/05/12 14:55:04.768,buy,-0.74089188457733,0.25910811542267,1,1,-132.64999999999418,-1580.0,-1712.6499999999942
4072,2020/05/12 14:55:29.714,sell,0.7881434300025063,-0.2118565699974937,-1,1,-152.6999999999898,-1620.0,-1772.6999999999898
4080,2020/05/12 14:56:09.932,sell,0.5069391363309279,-0.4930608636690721,-1,1,-179.19999999999345,-1670.0,-1849.1999999999935
4081,2020/05/12 14:56:14.960,buy,-0.6313914378889649,0.3686085621110351,1,1,-179.44999999999345,-1670.0,-1849.4499999999935
4085,2020/05/12 14:56:34.964,sell,0.7766504230431863,-0.22334957695681368,-1,1,-193.8499999999949,-1815.0,-2008.849999999995
4092,2020/05/12 14:57:09.988,buy,-0.7195926444212049,0.28040735557879515,1,1,-181.49999999999636,-1780.0,-1961.4999999999964
4098,2020/05/12 14:57:39.942,buy,-0.6078379021516227,0.3921620978483773,1,1,-151.6999999999898,-1805.0,-1956.6999999999898
4104,2020/05/12 14:58:09.976,buy,-0.9976324833162948,0.002367516683705162,1,1,-92.79999999998836,-1800.0,-1892.7999999999884
4118,2020/05/12 14:59:19.898,buy,-0.9092959633492939,0.09070403665070614,1,1,-46.39999999999418,-1705.0,-1751.3999999999942
4121,2020/05/12 14:59:34.953,sell,0.6770381980926103,-0.32296180190738966,-1,1,-74.40000000000146,-1725.0,-1799.4000000000015
4123,2020/05/12 14:59:44.718,buy,-0.5276224472103763,0.4723775527896237,1,1,-72.44999999999709,-1760.0,-1832.449999999997
4125,2020/05/12 14:59:54.938,sell,0.5791119759138112,-0.42088802408618875,-1,1,-75.19999999999709,-1830.0,-1905.199999999997
4133,2020/05/12 15:00:34.954,sell,0.9706212908332148,-0.0293787091667852,-1,1,-147.89999999999418,-2110.0,-2257.899999999994
4140,2020/05/12 15:01:09.943,sell,0.7639171502786013,-0.2360828497213987,-1,1,-184.6999999999971,-2055.0,-2239.699999999997
4148,2020/05/12 15:01:49.999,sell,0.5531578058362783,-0.44684219416372173,-1,1,-214.79999999999927,-2030.0,-2244.7999999999993
4153,2020/05/12 15:02:14.903,buy,-0.699826938563497,0.300173061436503,1,1,-211.04999999999563,-2085.0,-2296.0499999999956
4174,2020/05/12 15:03:59.995,buy,-0.7205804597187466,0.2794195402812534,1,1,-176.95000000000073,-2595.0,-2771.9500000000007
4179,2020/05/12 15:04:24.518,sell,0.5590079620614361,-0.4409920379385639,-1,1,-187.04999999999563,-2755.0,-2942.0499999999956
4188,2020/05/12 15:05:09.962,sell,0.5489726808373874,-0.4510273191626126,-1,1,-223.45000000000073,-2875.0,-3098.4500000000007
4189,2020/05/12 15:05:14.920,buy,-0.5416692867190349,0.4583307132809651,1,1,-224.1999999999971,-2880.0,-3104.199999999997
4190,2020/05/12 15:05:19.815,sell,0.6763852952459359,-0.32361470475406406,-1,1,-231.09999999999854,-2850.0,-3081.0999999999985
4194,2020/05/12 15:05:39.874,sell,0.5373487929530398,-0.46265120704696017,-1,1,-254.59999999999854,-2945.0,-3199.5999999999985
4198,2020/05/12 15:05:59.879,buy,-0.7930101937184588,0.20698980628154118,1,1,-250.84999999999854,-2970.0,-3220.8499999999985
4199,2020/05/12 15:06:04.848,sell,0.5649770487654209,-0.4350229512345791,-1,1,-260.75,-3015.0,-3275.75
4215,2020/05/12 15:07:24.988,sell,0.6842503021660775,-0.3157496978339225,-1,1,-281.2999999999993,-2850.0,-3131.2999999999993
4223,2020/05/12 15:08:04.987,sell,0.5346862213403583,-0.46531377865964174,-1,1,-289.75,-2745.0,-3034.75
4225,2020/05/12 15:08:14.983,buy,-0.5918495497787504,0.4081504502212496,1,1,-288.90000000000146,-2715.0,-3003.9000000000015
4227,2020/05/12 15:08:24.934,sell,0.634026336486059,-0.365973663513941,-1,1,-292.59999999999854,-2715.0,-3007.5999999999985
4230,2020/05/12 15:08:39.951,buy,-0.8333415653074567,0.16665843469254327,1,1,-292.14999999999964,-2590.0,-2882.1499999999996
4232,2020/05/12 15:08:49.952,sell,0.6013017163286278,-0.39869828367137217,-1,1,-296.7499999999982,-2705.0,-3001.749999999998
4238,2020/05/12 15:09:19.935,sell,0.5756042759608064,-0.42439572403919357,-1,1,-297.3999999999978,-2600.0,-2897.399999999998
4240,2020/05/12 15:09:29.816,buy,-0.9893398135020277,0.01066018649797229,1,1,-300.99999999999636,-2570.0,-2870.9999999999964
4247,2020/05/12 15:10:04.975,sell,1.0011973199673392,0.0011973199673391832,-1,1,-304.2499999999982,-2770.0,-3074.249999999998
4254,2020/05/12 15:10:39.975,sell,0.6474818761465357,-0.35251812385346426,-1,1,-299.49999999999636,-2765.0,-3064.4999999999964
4256,2020/05/12 15:10:49.929,buy,-0.5509936776360789,0.44900632236392113,1,1,-298.49999999999636,-2665.0,-2963.4999999999964
4266,2020/05/12 15:11:39.722,buy,-0.7184384687409917,0.2815615312590083,1,1,-311.29999999999563,-2680.0,-2991.2999999999956
4270,2020/05/12 15:11:59.754,sell,0.6044411494813744,-0.3955588505186256,-1,1,-316.1999999999971,-2735.0,-3051.199999999997
4271,2020/05/12 15:12:04.938,buy,-0.6463604589846597,0.35363954101534034,1,1,-314.7999999999993,-2680.0,-2994.7999999999993
4272,2020/05/12 15:12:09.973,sell,0.6990148842877275,-0.3009851157122725,-1,1,-319.29999999999745,-2775.0,-3094.2999999999975
4275,2020/05/12 15:12:24.532,buy,-0.5786692454463775,0.42133075455362246,1,1,-319.24999999999636,-2770.0,-3089.2499999999964
4288,2020/05/12 15:13:29.900,sell,0.6703251882969994,-0.3296748117030006,-1,1,-322.9499999999971,-2795.0,-3117.949999999997
4296,2020/05/12 15:14:09.998,sell,0.5343339918844592,-0.4656660081155408,-1,1,-315.54999999999563,-2775.0,-3090.5499999999956
4300,2020/05/12 15:14:29.913,buy,-0.5897931355175388,0.41020686448246124,1,1,-315.3999999999978,-2755.0,-3070.399999999998
4301,2020/05/12 15:14:34.970,sell,0.6955063626142959,-0.3044936373857041,-1,1,-315.5999999999949,-2800.0,-3115.599999999995
4313,2020/05/12 15:15:34.900,buy,-0.6327680283605375,0.36723197163946253,1,1,-320.299999999992,-2815.0,-3135.299999999992
4323,2020/05/12 15:16:24.998,sell,0.5515370912978526,-0.44846290870214744,-1,1,-320.9999999999927,-2800.0,-3120.9999999999927
4324,2020/05/12 15:16:29.942,buy,-0.7212961215593623,0.2787038784406377,1,1,-323.3999999999978,-2735.0,-3058.399999999998
4330,2020/05/12 15:16:59.988,sell,0.5445526987468128,-0.4554473012531872,-1,1,-324.6999999999971,-2860.0,-3184.699999999997
4331,2020/05/12 15:17:04.993,buy,-0.5084169831171721,0.4915830168828279,1,1,-321.6499999999942,-2865.0,-3186.649999999994
4336,2020/05/12 15:17:29.992,sell,0.5165656428173762,-0.48343435718262384,-1,1,-326.6499999999978,-2915.0,-3241.649999999998
4337,2020/05/12 15:17:34.936,buy,-0.7169062521762442,0.28309374782375585,1,1,-327.74999999999636,-2920.0,-3247.7499999999964
4345,2020/05/12 15:18:14.804,buy,-0.6513574381980973,0.3486425618019027,1,1,-337.15000000000146,-2870.0,-3207.1500000000015
4348,2020/05/12 15:18:29.972,sell,0.79522523884512,-0.20477476115488003,-1,1,-339.3499999999967,-2860.0,-3199.3499999999967
4350,2020/05/12 15:18:39.929,buy,-0.538182265660879,0.461817734339121,1,1,-340.49999999999636,-2885.0,-3225.4999999999964
4359,2020/05/12 15:19:24.869,buy,-0.7893825969757344,0.21061740302426557,1,1,-340.6999999999971,-2585.0,-2925.699999999997
4373,2020/05/12 15:20:34.990,buy,-0.5780352611861588,0.4219647388138412,1,1,-336.04999999999745,-2950.0,-3286.0499999999975
4374,2020/05/12 15:20:39.878,sell,0.6798638068043488,-0.32013619319565123,-1,1,-341.149999999996,-3045.0,-3386.149999999996
4375,2020/05/12 15:20:44.733,buy,-0.7951929108606564,0.20480708913934365,1,1,-336.649999999996,-3000.0,-3336.649999999996
4379,2020/05/12 15:21:04.936,sell,0.6715225629165786,-0.32847743708342136,-1,1,-346.1999999999971,-2965.0,-3311.199999999997
4381,2020/05/12 15:21:14.789,buy,-0.64536359583267,0.35463640416733,1,1,-343.54999999999745,-2920.0,-3263.5499999999975
4385,2020/05/12 15:21:34.920,buy,-0.6038442003776794,0.3961557996223206,1,1,-326.89999999999964,-2665.0,-2991.8999999999996
4386,2020/05/12 15:21:39.948,sell,0.6728441210710869,-0.32715587892891307,-1,1,-334.09999999999854,-2790.0,-3124.0999999999985
4420,2020/05/12 15:24:29.992,sell,0.5156546385894032,-0.4843453614105968,-1,1,-350.0500000000011,-2675.0,-3025.050000000001
4421,2020/05/12 15:24:34.901,buy,-0.5261287861718102,0.47387121382818975,1,1,-349.5,-2700.0,-3049.5
4424,2020/05/12 15:24:49.703,sell,0.5908819507258158,-0.40911804927418416,-1,1,-352.0500000000011,-2650.0,-3002.050000000001
4429,2020/05/12 15:25:14.971,buy,-0.533413216517836,0.466586783482164,1,1,-350.90000000000146,-2620.0,-2970.9000000000015
